code,term
35647511000001107,Fluticasone 125micrograms/dose / Formoterol 5micrograms/dose breath actuated inhaler CFC free
35647311000001101,Flutiform K-haler 125micrograms/dose / 5micrograms/dose breath actuated inhaler (Napp Pharmaceuticals Ltd)
38135111000001101,Flutiform K-haler 125micrograms/dose / 5micrograms/dose breath actuated inhaler (DE Pharmaceuticals)
39089311000001103,Flutiform K-haler 125micrograms/dose / 5micrograms/dose breath actuated inhaler (Pilsco Ltd)
35647611000001106,Fluticasone 50micrograms/dose / Formoterol 5micrograms/dose breath actuated inhaler CFC free
35650811000001109,Flutiform K-haler 50micrograms/dose / 5micrograms/dose breath actuated inhaler (Napp Pharmaceuticals Ltd)
38135311000001104,Flutiform K-haler 50micrograms/dose / 5micrograms/dose breath actuated inhaler (DE Pharmaceuticals)
21113711000001102,Fluticasone 125micrograms/dose / Formoterol 5micrograms/dose inhaler CFC free
21019411000001101,Flutiform 125micrograms/dose / 5micrograms/dose inhaler (Napp Pharmaceuticals Ltd)
29749211000001101,Flutiform 125micrograms/dose / 5micrograms/dose inhaler (Waymade Healthcare Plc)
37391711000001105,Flutiform 125micrograms/dose / 5micrograms/dose inhaler (CST Pharma Ltd)
37484911000001104,Flutiform 125micrograms/dose / 5micrograms/dose inhaler (Mawdsley-Brooks & Company Ltd)
37665111000001104,Flutiform 125micrograms/dose / 5micrograms/dose inhaler (Pilsco Ltd)
38134511000001109,Flutiform 125micrograms/dose / 5micrograms/dose inhaler (DE Pharmaceuticals)
21113811000001105,Fluticasone 250micrograms/dose / Formoterol 10micrograms/dose inhaler CFC free
21019711000001107,Flutiform 250micrograms/dose / 10micrograms/dose inhaler (Napp Pharmaceuticals Ltd)
29749611000001104,Flutiform 250micrograms/dose / 10micrograms/dose inhaler (Waymade Healthcare Plc)
37448711000001102,Flutiform 250micrograms/dose / 10micrograms/dose inhaler (CST Pharma Ltd)
37484711000001101,Flutiform 250micrograms/dose / 10micrograms/dose inhaler (Mawdsley-Brooks & Company Ltd)
37665311000001102,Flutiform 250micrograms/dose / 10micrograms/dose inhaler (Pilsco Ltd)
38134711000001104,Flutiform 250micrograms/dose / 10micrograms/dose inhaler (DE Pharmaceuticals)
21113911000001100,Fluticasone 50micrograms/dose / Formoterol 5micrograms/dose inhaler CFC free
21020611000001104,Flutiform 50micrograms/dose / 5micrograms/dose inhaler (Napp Pharmaceuticals Ltd)
29749411000001102,Flutiform 50micrograms/dose / 5micrograms/dose inhaler (Waymade Healthcare Plc)
38134911000001102,Flutiform 50micrograms/dose / 5micrograms/dose inhaler (DE Pharmaceuticals)
31087511000001105,Beclometasone 200micrograms/dose / Formoterol 6micrograms/dose dry powder inhaler
31063111000001106,Fostair NEXThaler 200micrograms/dose / 6micrograms/dose dry powder inhaler (Chiesi Ltd)
31087411000001106,Beclometasone 200micrograms/dose / Formoterol 6micrograms/dose inhaler CFC free
31063411000001101,Fostair 200micrograms/dose / 6micrograms/dose inhaler (Chiesi Ltd)
40852311000001103,Luforbec 200micrograms/dose / 6micrograms/dose inhaler (Lupin Healthcare (UK) Ltd)
26148711000001101,Beclometasone 100micrograms/dose / Formoterol 6micrograms/dose dry powder inhaler
26112111000001106,Fostair NEXThaler 100micrograms/dose / 6micrograms/dose dry powder inhaler (Chiesi Ltd)
38136011000001106,Fostair NEXThaler 100micrograms/dose / 6micrograms/dose dry powder inhaler (DE Pharmaceuticals)
39360211000001103,Fostair NEXThaler 100micrograms/dose / 6micrograms/dose dry powder inhaler (Pilsco Ltd)
40220911000001108,Fostair NEXThaler 100micrograms/dose / 6micrograms/dose dry powder inhaler (CST Pharma Ltd)
12911011000001100,Beclometasone 100micrograms/dose / Formoterol 6micrograms/dose inhaler CFC free
12906411000001100,Fostair 100micrograms/dose / 6micrograms/dose inhaler (Chiesi Ltd)
39817511000001103,Luforbec 100micrograms/dose / 6micrograms/dose inhaler (Lupin Healthcare (UK) Ltd)
39939611000001107,Fostair 100micrograms/dose / 6micrograms/dose inhaler (CST Pharma Ltd)
21496211000001102,Glycopyrronium bromide 55microgram inhalation powder capsules with device
21495411000001107,Seebri Breezhaler 44microgram inhalation powder capsules with device (Novartis Pharmaceuticals UK Ltd)
30273611000001108,Seebri Breezhaler 44microgram inhalation powder capsules with device (Waymade Healthcare Plc)
30933811000001108,Glycopyrronium bromide 55microgram inhalation powder capsules with device (Ennogen Healthcare Ltd)
31500911000001102,Glycopyrronium bromide 55microgram inhalation powder capsules with device (J M McGill Ltd)
32336011000001106,Glycopyrronium bromide 55microgram inhalation powder capsules with device (Colorama Pharmaceuticals Ltd)
37593111000001108,Seebri Breezhaler 44microgram inhalation powder capsules with device (CST Pharma Ltd)
37728211000001103,Seebri Breezhaler 44microgram inhalation powder capsules with device (Pilsco Ltd)
37996311000001109,Seebri Breezhaler 44microgram inhalation powder capsules with device (Pharmaram Ltd)
40478511000001100,Seebri Breezhaler 44microgram inhalation powder capsules with device (DE Pharmaceuticals)
38893611000001108,Aclidinium bromide 375micrograms/dose dry powder inhaler
20985511000001101,Eklira 322micrograms/dose Genuair (AstraZeneca UK Ltd)
28424911000001104,Eklira 322micrograms/dose Genuair (Waymade Healthcare Plc)
31451611000001103,Aclidinium bromide 375micrograms/dose dry powder inhaler (J M McGill Ltd)
32180811000001101,Aclidinium bromide 375micrograms/dose dry powder inhaler (Niche Pharma Ltd)
32411611000001108,Aclidinium bromide 375micrograms/dose dry powder inhaler (Colorama Pharmaceuticals Ltd)
37399011000001107,Eklira 322micrograms/dose Genuair (Mawdsley-Brooks & Company Ltd)
37633411000001104,Eklira 322micrograms/dose Genuair (Pilsco Ltd)
38131811000001105,Eklira 322micrograms/dose Genuair (DE Pharmaceuticals)
24645511000001105,Umeclidinium bromide 65micrograms/dose / Vilanterol 22micrograms/dose dry powder inhaler
24644611000001108,Anoro Ellipta 55micrograms/dose / 22micrograms/dose dry powder inhaler (GlaxoSmithKline UK Ltd)
32364511000001104,Umeclidinium bromide 65micrograms/dose / Vilanterol 22micrograms/dose dry powder inhaler (Ennogen Healthcare Ltd)
32629811000001101,Umeclidinium bromide 65micrograms/dose / Vilanterol 22micrograms/dose dry powder inhaler (J M McGill Ltd)
37979411000001103,Anoro Ellipta 55micrograms/dose / 22micrograms/dose dry powder inhaler (Pharmaram Ltd)
27890611000001109,Umeclidinium bromide 65micrograms/dose dry powder inhaler
27567911000001101,Incruse Ellipta 55micrograms/dose dry powder inhaler (GlaxoSmithKline UK Ltd)
37439611000001101,Incruse Ellipta 55micrograms/dose dry powder inhaler (CST Pharma Ltd)
37511511000001102,Incruse Ellipta 55micrograms/dose dry powder inhaler (Mawdsley-Brooks & Company Ltd)
37666611000001102,Incruse Ellipta 55micrograms/dose dry powder inhaler (Ethigen Ltd)
37989411000001108,Incruse Ellipta 55micrograms/dose dry powder inhaler (Pharmaram Ltd)
38140511000001104,Incruse Ellipta 55micrograms/dose dry powder inhaler (DE Pharmaceuticals)
39167711000001100,Rolufta Ellipta 55micrograms/dose dry powder inhaler (Ethigen Ltd)
28049611000001104,Indacaterol 85micrograms/dose / Glycopyrronium bromide 54micrograms/dose inhalation powder capsules with device
28007211000001102,Ultibro Breezhaler 85microgram/43microgram inhalation powder capsules with device (Novartis Pharmaceuticals UK Ltd)
28365011000001100,Aclidinium bromide 396micrograms/dose / Formoterol 11.8micrograms/dose dry powder inhaler
28357211000001106,Duaklir 340micrograms/dose / 12micrograms/dose Genuair (AstraZeneca UK Ltd)
32633011000001106,Aclidinium bromide 396micrograms/dose / Formoterol 11.8micrograms/dose dry powder inhaler (Colorama Pharmaceuticals Ltd)
40766811000001104,Generic Trimbow 172micrograms/dose / 5micrograms/dose / 9micrograms/dose inhaler CFC free
40752211000001109,Trimbow 172micrograms/dose / 5micrograms/dose / 9micrograms/dose inhaler (Chiesi Ltd)
40087411000001104,Generic Trimbow NEXThaler 88micrograms/dose / 5micrograms/dose / 9micrograms/dose dry powder inhaler
39993311000001105,Trimbow NEXThaler 88micrograms/dose / 5micrograms/dose / 9micrograms/dose dry powder inhaler (Chiesi Ltd)
34683311000001106,Generic Trimbow 87micrograms/dose / 5micrograms/dose / 9micrograms/dose inhaler CFC free
34681611000001100,Trimbow 87micrograms/dose / 5micrograms/dose / 9micrograms/dose inhaler (Chiesi Ltd)
34955111000001103,Generic Trelegy Ellipta 92micrograms/dose / 55micrograms/dose / 22micrograms/dose dry powder inhaler
34952211000001104,Trelegy Ellipta 92micrograms/dose / 55micrograms/dose / 22micrograms/dose dry powder inhaler (GlaxoSmithKline UK Ltd)
13801911000001104,Sodium cromoglicate 5mg/dose inhaler CFC free
13777011000001102,Intal 5mg/dose inhaler CFC free (Sanofi)
38958611000001101,Sodium cromoglicate 5mg/dose inhaler CFC free (Imported)
4161311000001109,Sodium cromoglicate 5mg/dose inhaler with spacer
4146211000001102,Intal 5mg/dose Syncroner with spacer (Aventis Pharma)
9520811000001109,Intal 5mg/dose Fisonair with spacer (Sanofi)
3631611000001106,Sodium cromoglicate 20mg/2ml nebuliser liquid unit dose vials
3607111000001102,Intal 20mg/2ml nebuliser solution unit dose vials (Aventis Pharma)
4667011000001102,Cromogen 20mg/2ml nebuliser liquid Steri-Neb unit dose vials (IVAX Pharmaceuticals UK Ltd)
12790111000001102,Cromosol 20mg/2ml nebuliser liquid unit dose vials (Imported (Switzerland))
15876611000001104,Sodium cromoglicate 20mg/2ml nebuliser liquid unit dose vials (Special Order)
39712711000001109,Sodium cromoglicate 20mg inhalation powder capsules
3203811000001100,Intal 20mg Spincaps (Sanofi)
11159411000001101,Intal 20mg Spincaps (Waymade Healthcare Plc)
35926711000001101,Sodium cromoglicate 5mg/dose inhaler
533311000001100,Intal 5mg/dose inhaler (Aventis Pharma)
725311000001102,Cromogen 5mg/dose inhaler (Teva UK Ltd)
5269711000001103,Intal 5mg/dose inhaler (Waymade Healthcare Plc)
5297311000001105,Intal 5mg/dose inhaler (Dowelhurst Ltd)
5464611000001107,Sodium cromoglicate 5mg/dose inhaler (Dowelhurst Ltd)
35926611000001105,Sodium cromoglicate 5mg/dose breath actuated inhaler
377511000001101,Cromogen 5mg/dose Easi-Breathe inhaler (Teva UK Ltd)
35926411000001107,Sodium cromoglicate 1mg/dose / Salbutamol 100micrograms/dose inhaler with spacer
4179611000001107,Aerocrom Syncroner with spacer (Castlemead Healthcare Ltd)
35926311000001100,Sodium cromoglicate 1mg/dose / Salbutamol 100micrograms/dose inhaler
3235011000001104,Aerocrom inhaler (Castlemead Healthcare Ltd)
39116511000001109,Indacaterol 125micrograms/dose / Mometasone 62.5micrograms/dose inhalation powder capsules with device
39114511000001103,Atectura Breezhaler 125micrograms/62.5micrograms inhalation powder capsules with device (Novartis Pharmaceuticals UK Ltd)
39116311000001103,Indacaterol 125micrograms/dose / Mometasone 127.5micrograms/dose inhalation powder capsules with device
39115411000001101,Atectura Breezhaler 125micrograms/127.5micrograms inhalation powder capsules with device (Novartis Pharmaceuticals UK Ltd)
39116411000001105,Indacaterol 125micrograms/dose / Mometasone 260micrograms/dose inhalation powder capsules with device
39115911000001109,Atectura Breezhaler 125micrograms/260micrograms inhalation powder capsules with device (Novartis Pharmaceuticals UK Ltd)
39134511000001107,Generic Enerzair Breezhaler 114micrograms/dose / 46micrograms/dose / 136micrograms/dose inhalation powder capsules with device
39134711000001102,Enerzair Breezhaler 114micrograms/dose / 46micrograms/dose / 136micrograms/dose inhalation powder capsules with device (Novartis Pharmaceuticals UK Ltd)
39343511000001103,Generic Trixeo Aerosphere 5micrograms/dose / 7.2micrograms/dose / 160micrograms/dose inhaler CFC free
39327311000001104,Trixeo Aerosphere 5micrograms/dose / 7.2micrograms/dose / 160micrograms/dose pressurised inhaler (AstraZeneca UK Ltd)
39343611000001104,Glycopyrronium 7.2micrograms/dose / Formoterol 5micrograms/dose inhaler CFC free
39329111000001107,Bevespi Aerosphere 7.2micrograms/dose / 5micrograms/dose pressurised inhaler (AstraZeneca UK Ltd)
10621011000001101,Beclometasone 200micrograms/dose inhaler CFC free
10619311000001107,Clenil Modulite 200micrograms/dose inhaler (Chiesi Ltd)
19737511000001105,Clenil Modulite 200micrograms/dose inhaler (Mawdsley-Brooks & Company Ltd)
24591711000001104,Clenil Modulite 200micrograms/dose inhaler (Waymade Healthcare Plc)
29526411000001107,Beclometasone 200micrograms/dose inhaler CFC free (Colorama Pharmaceuticals Ltd)
30950711000001105,Beclometasone 200micrograms/dose inhaler CFC free (DE Pharmaceuticals)
31353111000001102,Beclometasone 200micrograms/dose inhaler CFC free (J M McGill Ltd)
32199911000001101,Beclometasone 200micrograms/dose inhaler CFC free (Niche Pharma Ltd)
36603411000001105,Soprobec 200micrograms/dose inhaler (Glenmark Pharmaceuticals Europe Ltd)
41476211000001105,Beclu 200micrograms/dose inhaler (Lupin Healthcare (UK) Ltd)
10621111000001100,Beclometasone 250micrograms/dose inhaler CFC free
10619611000001102,Clenil Modulite 250micrograms/dose inhaler (Chiesi Ltd)
19737811000001108,Clenil Modulite 250micrograms/dose inhaler (Mawdsley-Brooks & Company Ltd)
24591911000001102,Clenil Modulite 250micrograms/dose inhaler (Waymade Healthcare Plc)
36603811000001107,Soprobec 250micrograms/dose inhaler (Glenmark Pharmaceuticals Europe Ltd)
35909211000001109,Beclometasone 50micrograms/dose breath actuated inhaler
3604611000001104,Beclazone 50 Easi-Breathe inhaler (Teva UK Ltd)
3604911000001105,AeroBec 50 Autohaler (Meda Pharmaceuticals Ltd)
13181011000001105,Beclazone 50 Easi-Breathe inhaler (Dowelhurst Ltd)
35908711000001106,Beclometasone 250micrograms/dose dry powder inhaler
3174111000001102,Asmabec 250 Clickhaler (Focus Pharmaceuticals Ltd)
35909111000001103,Beclometasone 400micrograms/dose dry powder inhaler
3175111000001103,Pulvinal Beclometasone Dipropionate 400micrograms/dose dry powder inhaler (Chiesi Ltd)
35909511000001107,Beclometasone 50micrograms/dose inhaler
3175211000001109,Filair 50 inhaler (Meda Pharmaceuticals Ltd)
3175711000001102,Beclometasone 50micrograms/dose inhaler (A A H Pharmaceuticals Ltd)
3175911000001100,Beclometasone 50micrograms/dose inhaler (Viatris UK Healthcare Ltd)
3176211000001103,Becotide 50 inhaler (GlaxoSmithKline UK Ltd)
3176411000001104,Beclazone 50 inhaler (Teva UK Ltd)
3176711000001105,Beclometasone 50micrograms/dose inhaler (Kent Pharma (UK) Ltd)
3177111000001107,Beclometasone 50micrograms/dose inhaler (Alliance Healthcare (Distribution) Ltd)
4773611000001100,Beclometasone 50micrograms/dose inhaler (Teva UK Ltd)
5256811000001107,Becotide 50 inhaler (Waymade Healthcare Plc)
5284711000001101,Becotide 50 inhaler (Dowelhurst Ltd)
11400011000001108,Beclometasone 50micrograms/dose inhaler (Almus Pharmaceuticals Ltd)
17793411000001101,Beclometasone 50micrograms/dose inhaler (Phoenix Healthcare Distribution Ltd)
35908111000001105,Beclometasone 100micrograms/dose inhaler CFC free
3175611000001106,Qvar 100 inhaler (Teva UK Ltd)
10618211000001109,Clenil Modulite 100micrograms/dose inhaler (Chiesi Ltd)
13954711000001100,Qvar 100 inhaler (DE Pharmaceuticals)
14616611000001107,Qvar 100 inhaler (Sigma Pharmaceuticals Plc)
15884311000001105,Qvar 100 inhaler (Waymade Healthcare Plc)
17427011000001104,Qvar 100 inhaler (Mawdsley-Brooks & Company Ltd)
19737311000001104,Clenil Modulite 100micrograms/dose inhaler (Mawdsley-Brooks & Company Ltd)
24660811000001107,Beclometasone 100micrograms/dose inhaler CFC free (Ennogen Healthcare Ltd)
29526111000001102,Beclometasone 100micrograms/dose inhaler CFC free (Colorama Pharmaceuticals Ltd)
30950511000001100,Beclometasone 100micrograms/dose inhaler CFC free (DE Pharmaceuticals)
31352911000001106,Beclometasone 100micrograms/dose inhaler CFC free (J M McGill Ltd)
32199311000001102,Beclometasone 100micrograms/dose inhaler CFC free (Niche Pharma Ltd)
35430311000001103,Kelhale 100micrograms/dose inhaler (Cipla EU Ltd)
36603611000001108,Soprobec 100micrograms/dose inhaler (Glenmark Pharmaceuticals Europe Ltd)
37444611000001101,Qvar 100 inhaler (CST Pharma Ltd)
37727811000001101,Qvar 100 inhaler (Pilsco Ltd)
41475411000001100,Beclu 100micrograms/dose inhaler (Lupin Healthcare (UK) Ltd)
35909611000001106,Beclometasone 50micrograms/dose inhaler CFC free
3176811000001102,Qvar 50 inhaler (Teva UK Ltd)
10617711000001103,Clenil Modulite 50micrograms/dose inhaler (Chiesi Ltd)
17426811000001108,Qvar 50 inhaler (Mawdsley-Brooks & Company Ltd)
18608911000001101,Qvar 50 inhaler (DE Pharmaceuticals)
19737111000001101,Clenil Modulite 50micrograms/dose inhaler (Mawdsley-Brooks & Company Ltd)
29525711000001109,Beclometasone 50micrograms/dose inhaler CFC free (Colorama Pharmaceuticals Ltd)
30950911000001107,Beclometasone 50micrograms/dose inhaler CFC free (DE Pharmaceuticals)
31353311000001100,Beclometasone 50micrograms/dose inhaler CFC free (J M McGill Ltd)
32200311000001106,Beclometasone 50micrograms/dose inhaler CFC free (Niche Pharma Ltd)
35430111000001100,Kelhale 50micrograms/dose inhaler (Cipla EU Ltd)
36603211000001106,Soprobec 50micrograms/dose inhaler (Glenmark Pharmaceuticals Europe Ltd)
35909311000001101,Beclometasone 50micrograms/dose breath actuated inhaler CFC free
3177411000001102,Qvar 50 Autohaler (Teva UK Ltd)
8159511000001107,Qvar 50micrograms/dose Easi-Breathe inhaler (Teva UK Ltd)
18059011000001105,Qvar 50micrograms/dose Easi-Breathe inhaler (Sigma Pharmaceuticals Plc)
18608311000001102,Qvar 50 Autohaler (DE Pharmaceuticals)
18608711000001103,Qvar 50micrograms/dose Easi-Breathe inhaler (DE Pharmaceuticals)
27991211000001105,Qvar 50micrograms/dose Easi-Breathe inhaler (Waymade Healthcare Plc)
35907911000001107,Beclometasone 100micrograms/dose breath actuated inhaler CFC free
3177711000001108,Qvar 100 Autohaler (Teva UK Ltd)
8159711000001102,Qvar 100micrograms/dose Easi-Breathe inhaler (Teva UK Ltd)
14616311000001102,Qvar 100 Autohaler (Sigma Pharmaceuticals Plc)
14755711000001106,Qvar 100 Autohaler (Waymade Healthcare Plc)
15418911000001106,Qvar 100micrograms/dose Easi-Breathe inhaler (Waymade Healthcare Plc)
16232011000001103,Qvar 100 Autohaler (Lexon (UK) Ltd)
17427211000001109,Qvar 100 Autohaler (Mawdsley-Brooks & Company Ltd)
18058811000001106,Qvar 100micrograms/dose Easi-Breathe inhaler (Sigma Pharmaceuticals Plc)
18295511000001100,Qvar 100 Autohaler (Stephar (U.K.) Ltd)
18608111000001104,Qvar 100 Autohaler (DE Pharmaceuticals)
18608511000001108,Qvar 100micrograms/dose Easi-Breathe inhaler (DE Pharmaceuticals)
37400911000001108,Qvar 100 Autohaler (CST Pharma Ltd)
37699711000001104,Qvar 100 Autohaler (Pilsco Ltd)
320537007,Beclometasone 100micrograms/dose inhaler
3177911000001105,Filair 100 inhaler (Meda Pharmaceuticals Ltd)
3178211000001102,Beclometasone 100micrograms/dose inhaler (A A H Pharmaceuticals Ltd)
3178411000001103,Beclometasone 100micrograms/dose inhaler (Viatris UK Healthcare Ltd)
3178611000001100,Becotide 100 inhaler (GlaxoSmithKline UK Ltd)
3178811000001101,Beclazone 100 inhaler (Teva UK Ltd)
3179011000001102,Beclometasone 100micrograms/dose inhaler (Alliance Healthcare (Distribution) Ltd)
4773811000001101,Beclometasone 100micrograms/dose inhaler (Teva UK Ltd)
5256611000001108,Becotide 100 inhaler (Waymade Healthcare Plc)
7379111000001102,Beclometasone 100micrograms/dose inhaler (Kent Pharma (UK) Ltd)
11400511000001100,Beclometasone 100micrograms/dose inhaler (Almus Pharmaceuticals Ltd)
17794111000001108,Beclometasone 100micrograms/dose inhaler (Phoenix Healthcare Distribution Ltd)
35908511000001101,Beclometasone 200micrograms/dose inhaler
3179311000001104,Becotide 200 inhaler (GlaxoSmithKline UK Ltd)
3179511000001105,Beclazone 200 inhaler (Teva UK Ltd)
4332611000001107,Beclometasone 200micrograms/dose inhaler (A A H Pharmaceuticals Ltd)
10844511000001104,Becotide 200 inhaler (Waymade Healthcare Plc)
15052211000001104,Beclometasone 200micrograms/dose inhaler (Sigma Pharmaceuticals Plc)
35908811000001103,Beclometasone 250micrograms/dose inhaler
3179811000001108,Beclometasone 250micrograms/dose inhaler (A A H Pharmaceuticals Ltd)
3180011000001102,Beclometasone 250micrograms/dose inhaler (Viatris UK Healthcare Ltd)
3180211000001107,Becloforte 250micrograms/dose inhaler (GlaxoSmithKline UK Ltd)
3180611000001109,Beclazone 250 inhaler (Teva UK Ltd)
3180911000001103,Beclometasone 250micrograms/dose inhaler (Alliance Healthcare (Distribution) Ltd)
4753511000001101,Filair Forte 250micrograms/dose inhaler (Meda Pharmaceuticals Ltd)
4774011000001109,Beclometasone 250micrograms/dose inhaler (Teva UK Ltd)
5256011000001101,Becloforte 250micrograms/dose inhaler (Waymade Healthcare Plc)
5282711000001106,Becloforte 250micrograms/dose inhaler (Dowelhurst Ltd)
7379311000001100,Beclometasone 250micrograms/dose inhaler (Kent Pharma (UK) Ltd)
11400811000001102,Beclometasone 250micrograms/dose inhaler (Almus Pharmaceuticals Ltd)
17833911000001100,Beclometasone 250micrograms/dose inhaler (Phoenix Healthcare Distribution Ltd)
35907811000001102,Beclometasone 100micrograms/dose breath actuated inhaler
3181411000001102,AeroBec 100 Autohaler (Meda Pharmaceuticals Ltd)
3181711000001108,Beclazone 100 Easi-Breathe inhaler (Teva UK Ltd)
13180411000001105,Beclazone 100 Easi-Breathe inhaler (Dowelhurst Ltd)
35908611000001102,Beclometasone 250micrograms/dose breath actuated inhaler
3182411000001107,AeroBec Forte 250 Autohaler (Meda Pharmaceuticals Ltd)
3182611000001105,Beclazone 250 Easi-Breathe inhaler (Teva UK Ltd)
13180811000001107,Beclazone 250 Easi-Breathe inhaler (Dowelhurst Ltd)
39695511000001104,Beclometasone 100microgram inhalation powder capsules
3189711000001107,Beclometasone 100 Cyclocaps (Teva UK Ltd)
3190311000001103,Becotide 100microgram Rotacaps (GlaxoSmithKline UK Ltd)
5525411000001107,Becotide 100microgram Rotacaps (Dowelhurst Ltd)
39695611000001100,Beclometasone 200microgram inhalation powder capsules
3192111000001101,Becotide 200microgram Rotacaps (GlaxoSmithKline UK Ltd)
3192611000001109,Beclometasone 200 Cyclocaps (Teva UK Ltd)
5256411000001105,Becotide 200microgram Rotacaps (Waymade Healthcare Plc)
5284411000001107,Becotide 200microgram Rotacaps (Dowelhurst Ltd)
39695711000001109,Beclometasone 400microgram inhalation powder capsules
3194011000001108,Becotide 400microgram Rotacaps (GlaxoSmithKline UK Ltd)
3194511000001100,Beclometasone 400 Cyclocaps (Teva UK Ltd)
35907611000001101,Beclometasone 100microgram inhalation powder blisters
3086011000001108,Becodisks 100microgram (GlaxoSmithKline UK Ltd)
35907711000001105,Beclometasone 100microgram inhalation powder blisters with device
3088611000001100,Becodisks 100microgram with Diskhaler (GlaxoSmithKline UK Ltd)
35908311000001107,Beclometasone 200microgram inhalation powder blisters with device
3096011000001109,Becodisks 200microgram with Diskhaler (GlaxoSmithKline UK Ltd)
35908211000001104,Beclometasone 200microgram inhalation powder blisters
3099811000001109,Becodisks 200microgram (GlaxoSmithKline UK Ltd)
10838111000001101,Becodisks 200microgram (Waymade Healthcare Plc)
16140411000001105,Becodisks 200microgram (Lexon (UK) Ltd)
16277711000001101,Becodisks 200microgram (Mawdsley-Brooks & Company Ltd)
17600111000001105,Becodisks 200microgram (Necessity Supplies Ltd)
35909011000001104,Beclometasone 400microgram inhalation powder blisters with device
3102211000001109,Becodisks 400microgram with Diskhaler (GlaxoSmithKline UK Ltd)
3103211000001103,Becloforte 400microgram disks with Diskhaler (GlaxoSmithKline UK Ltd)
35908911000001108,Beclometasone 400microgram inhalation powder blisters
3104911000001109,Becodisks 400microgram (GlaxoSmithKline UK Ltd)
3105311000001107,Becloforte 400microgram disks (GlaxoSmithKline UK Ltd)
10838311000001104,Becodisks 400microgram (Waymade Healthcare Plc)
16140911000001102,Becodisks 400microgram (Lexon (UK) Ltd)
16278211000001107,Becodisks 400microgram (Mawdsley-Brooks & Company Ltd)
17600311000001107,Becodisks 400microgram (Necessity Supplies Ltd)
35909411000001108,Beclometasone 50micrograms/dose dry powder inhaler
3111911000001108,Asmabec 50 Clickhaler (Focus Pharmaceuticals Ltd)
35908011000001109,Beclometasone 100micrograms/dose dry powder inhaler
3112511000001109,Asmabec 100 Clickhaler (Focus Pharmaceuticals Ltd)
3112911000001102,Pulvinal Beclometasone Dipropionate 100micrograms/dose dry powder inhaler (Chiesi Ltd)
35908411000001100,Beclometasone 200micrograms/dose dry powder inhaler
3113411000001101,Pulvinal Beclometasone Dipropionate 200micrograms/dose dry powder inhaler (Chiesi Ltd)
9525111000001105,Easyhaler Beclometasone 200micrograms/dose dry powder inhaler (Orion Pharma (UK) Ltd)
38130411000001104,Easyhaler Beclometasone 200micrograms/dose dry powder inhaler (DE Pharmaceuticals)
35936211000001105,Salbutamol 100micrograms/dose / Beclometasone 50micrograms/dose inhaler
3292811000001106,Ventide inhaler (GlaxoSmithKline UK Ltd)
5278711000001103,Ventide inhaler (Waymade Healthcare Plc)
5324211000001109,Ventide inhaler (Dowelhurst Ltd)
35369511000001103,Salbutamol 200microgram / Beclometasone 100microgram inhalation powder capsules
3200511000001109,Ventide Paediatric Rotacaps (GlaxoSmithKline UK Ltd)
39696311000001100,Salbutamol 400microgram / Beclometasone 200microgram inhalation powder capsules
3202211000001107,Ventide Rotacaps (GlaxoSmithKline UK Ltd)
15374611000001106,Budesonide 200micrograms/dose inhaler CFC free
15358411000001102,Pulmicort 200micrograms/dose inhaler CFC free (AstraZeneca UK Ltd)
14959511000001107,Budesonide 100micrograms/dose inhaler CFC free
14951111000001102,Pulmicort 100micrograms/dose inhaler CFC free (AstraZeneca UK Ltd)
9117811000001107,Budesonide 200micrograms/dose dry powder inhalation cartridge
9111811000001100,Budelin Novolizer 200micrograms/dose inhalation powder refill (Viatris UK Healthcare Ltd)
8024611000001102,Budesonide 200micrograms/dose dry powder inhalation cartridge with device
8031811000001102,Budelin Novolizer 200micrograms/dose inhalation powder (Viatris UK Healthcare Ltd)
4864911000001104,Budesonide 200micrograms/dose inhaler with spacer
4860811000001104,Pulmicort 200micrograms/dose inhaler with Nebuchamber (AstraZeneca UK Ltd)
3654511000001105,Budesonide 500micrograms/2ml nebuliser liquid unit dose vials
3635411000001106,Pulmicort 0.5mg Respules (AstraZeneca UK Ltd)
5310511000001105,Pulmicort 0.5mg Respules (Dowelhurst Ltd)
5404711000001104,Pulmicort 0.5mg Respules (Waymade Healthcare Plc)
10272811000001101,Budesonide 500micrograms/2ml nebuliser liquid unit dose vials (A A H Pharmaceuticals Ltd)
10273611000001105,Budesonide 500micrograms/2ml nebuliser liquid unit dose vials (Teva UK Ltd)
10326511000001109,Budesonide 500micrograms/2ml nebuliser liquid unit dose vials (Kent Pharma (UK) Ltd)
10347711000001104,Budesonide 500micrograms/2ml nebuliser liquid unit dose vials (Alliance Healthcare (Distribution) Ltd)
10453011000001102,Budesonide 500micrograms/2ml nebuliser liquid unit dose vials (Arrow Generics Ltd)
11005511000001104,Budesonide 500micrograms/2ml nebuliser liquid unit dose vials (Accord Healthcare Ltd)
13186811000001109,Budesonide 500micrograms/2ml nebuliser liquid unit dose vials (Dowelhurst Ltd)
13952211000001103,Pulmicort 0.5mg Respules (DE Pharmaceuticals)
14386211000001101,Pulmicort 0.5mg Respules (Sigma Pharmaceuticals Plc)
16230911000001103,Pulmicort 0.5mg Respules (Lexon (UK) Ltd)
16587011000001103,Pulmicort 0.5mg Respules (Stephar (U.K.) Ltd)
17425011000001106,Pulmicort 0.5mg Respules (Mawdsley-Brooks & Company Ltd)
17809311000001106,Budesonide 500micrograms/2ml nebuliser liquid unit dose vials (Phoenix Healthcare Distribution Ltd)
18174711000001104,Pulmicort 0.5mg Respules (Necessity Supplies Ltd)
18507011000001106,Budesonide 500micrograms/2ml nebuliser liquid unit dose vials (Almus Pharmaceuticals Ltd)
21804411000001104,Budesonide 500micrograms/2ml nebuliser liquid unit dose vials (Waymade Healthcare Plc)
22622411000001105,Budesonide 500micrograms/2ml nebuliser liquid unit dose vials (DE Pharmaceuticals)
29775411000001101,Budesonide 500micrograms/2ml nebuliser liquid unit dose vials (Sigma Pharmaceuticals Plc)
30004311000001102,Budesonide 500micrograms/2ml nebuliser liquid unit dose vials (Mawdsley-Brooks & Company Ltd)
37699111000001100,Pulmicort 0.5mg Respules (Pilsco Ltd)
38807211000001100,Budesonide 500micrograms/2ml nebuliser liquid unit dose vials (Medihealth (Northern) Ltd)
3654611000001109,Budesonide 1mg/2ml nebuliser liquid unit dose vials
3636511000001103,Pulmicort 1mg Respules (AstraZeneca UK Ltd)
5312311000001100,Pulmicort 1mg Respules (Dowelhurst Ltd)
10273211000001108,Budesonide 1mg/2ml nebuliser liquid unit dose vials (A A H Pharmaceuticals Ltd)
10274211000001106,Budesonide 1mg/2ml nebuliser liquid unit dose vials (Teva UK Ltd)
10326711000001104,Budesonide 1mg/2ml nebuliser liquid unit dose vials (Kent Pharma (UK) Ltd)
10347911000001102,Budesonide 1mg/2ml nebuliser liquid unit dose vials (Alliance Healthcare (Distribution) Ltd)
10453211000001107,Budesonide 1mg/2ml nebuliser liquid unit dose vials (Arrow Generics Ltd)
10785011000001101,Pulmicort 1mg Respules (Waymade Healthcare Plc)
11005711000001109,Budesonide 1mg/2ml nebuliser liquid unit dose vials (Accord Healthcare Ltd)
13186411000001107,Budesonide 1mg/2ml nebuliser liquid unit dose vials (Dowelhurst Ltd)
13952511000001100,Pulmicort 1mg Respules (DE Pharmaceuticals)
14382711000001109,Pulmicort 1mg Respules (Sigma Pharmaceuticals Plc)
15060511000001109,Budesonide 1mg/2ml nebuliser liquid unit dose vials (Sigma Pharmaceuticals Plc)
16231411000001102,Pulmicort 1mg Respules (Lexon (UK) Ltd)
16587211000001108,Pulmicort 1mg Respules (Stephar (U.K.) Ltd)
17425311000001109,Pulmicort 1mg Respules (Mawdsley-Brooks & Company Ltd)
17810011000001102,Budesonide 1mg/2ml nebuliser liquid unit dose vials (Phoenix Healthcare Distribution Ltd)
18174511000001109,Pulmicort 1mg Respules (Necessity Supplies Ltd)
18507211000001101,Budesonide 1mg/2ml nebuliser liquid unit dose vials (Almus Pharmaceuticals Ltd)
21804611000001101,Budesonide 1mg/2ml nebuliser liquid unit dose vials (Waymade Healthcare Plc)
22622611000001108,Budesonide 1mg/2ml nebuliser liquid unit dose vials (DE Pharmaceuticals)
30004511000001108,Budesonide 1mg/2ml nebuliser liquid unit dose vials (Mawdsley-Brooks & Company Ltd)
37699311000001103,Pulmicort 1mg Respules (Pilsco Ltd)
38807411000001101,Budesonide 1mg/2ml nebuliser liquid unit dose vials (Medihealth (Northern) Ltd)
35912711000001106,Budesonide 400micrograms/dose dry powder inhaler
3228711000001106,Pulmicort 400 Turbohaler (AstraZeneca UK Ltd)
5258111000001101,Budesonide 400micrograms/dose Turbohaler (Waymade Healthcare Plc)
5273911000001106,Pulmicort 400 Turbohaler (Waymade Healthcare Plc)
5313811000001101,Pulmicort 400 Turbohaler (Dowelhurst Ltd)
5350411000001101,Budesonide 400micrograms/dose Turbohaler (Dowelhurst Ltd)
10074411000001100,Easyhaler Budesonide 400micrograms/dose dry powder inhaler (Orion Pharma (UK) Ltd)
13953611000001106,Pulmicort 400 Turbohaler (DE Pharmaceuticals)
14387611000001102,Pulmicort 400 Turbohaler (Sigma Pharmaceuticals Plc)
16230511000001105,Pulmicort 400 Turbohaler (Lexon (UK) Ltd)
16586711000001104,Pulmicort 400 Turbohaler (Stephar (U.K.) Ltd)
17426011000001102,Pulmicort 400 Turbohaler (Mawdsley-Brooks & Company Ltd)
18175311000001104,Pulmicort 400 Turbohaler (Necessity Supplies Ltd)
38131011000001104,Easyhaler Budesonide 400micrograms/dose dry powder inhaler (DE Pharmaceuticals)
35912811000001103,Budesonide 50micrograms/dose inhaler
3240911000001108,Pulmicort LS 50micrograms/dose inhaler (AstraZeneca UK Ltd)
10527411000001109,Pulmicort LS 50micrograms/dose inhaler (Waymade Healthcare Plc)
13961211000001104,Pulmicort LS 50micrograms/dose inhaler (DE Pharmaceuticals)
3432911000001109,Budesonide 200microgram inhalation powder capsules
3197211000001105,Budesonide 200 Cyclocaps (Teva UK Ltd)
3433011000001101,Budesonide 400microgram inhalation powder capsules
3198411000001108,Budesonide 400 Cyclocaps (Teva UK Ltd)
35912411000001100,Budesonide 200micrograms/dose dry powder inhaler
3112411000001105,Pulmicort 200 Turbohaler (AstraZeneca UK Ltd)
5273611000001100,Pulmicort 200 Turbohaler (Waymade Healthcare Plc)
5313011000001107,Pulmicort 200 Turbohaler (Dowelhurst Ltd)
5350211000001100,Budesonide 200micrograms/dose Turbohaler (Dowelhurst Ltd)
10074611000001102,Easyhaler Budesonide 200micrograms/dose dry powder inhaler (Orion Pharma (UK) Ltd)
13953111000001103,Pulmicort 200 Turbohaler (DE Pharmaceuticals)
14390411000001100,Pulmicort 200 Turbohaler (Sigma Pharmaceuticals Plc)
16230211000001107,Pulmicort 200 Turbohaler (Lexon (UK) Ltd)
17425811000001100,Pulmicort 200 Turbohaler (Mawdsley-Brooks & Company Ltd)
18175111000001101,Pulmicort 200 Turbohaler (Necessity Supplies Ltd)
38130811000001102,Easyhaler Budesonide 200micrograms/dose dry powder inhaler (DE Pharmaceuticals)
41074511000001106,Easyhaler Budesonide 200micrograms/dose dry powder inhaler (Pilsco Ltd)
35912111000001105,Budesonide 100micrograms/dose dry powder inhaler
3113111000001106,Pulmicort 100 Turbohaler (AstraZeneca UK Ltd)
5273211000001102,Pulmicort 100 Turbohaler (Waymade Healthcare Plc)
5311011000001106,Pulmicort 100 Turbohaler (Dowelhurst Ltd)
5350011000001105,Budesonide 100micrograms/dose Turbohaler (Dowelhurst Ltd)
10073911000001106,Easyhaler Budesonide 100micrograms/dose dry powder inhaler (Orion Pharma (UK) Ltd)
13952811000001102,Pulmicort 100 Turbohaler (DE Pharmaceuticals)
14390211000001104,Pulmicort 100 Turbohaler (Sigma Pharmaceuticals Plc)
16230011000001102,Pulmicort 100 Turbohaler (Lexon (UK) Ltd)
17425611000001104,Pulmicort 100 Turbohaler (Mawdsley-Brooks & Company Ltd)
18174911000001102,Pulmicort 100 Turbohaler (Necessity Supplies Ltd)
38130611000001101,Easyhaler Budesonide 100micrograms/dose dry powder inhaler (DE Pharmaceuticals)
35912511000001101,Budesonide 200micrograms/dose inhaler
2924111000001109,Pulmicort 200micrograms/dose inhaler (AstraZeneca UK Ltd)
39133611000001108,Budesonide 100micrograms/dose / Formoterol 3micrograms/dose inhaler CFC free
39105811000001102,Symbicort 100micrograms/dose / 3micrograms/dose pressurised inhaler (AstraZeneca UK Ltd)
32960711000001105,Budesonide 200micrograms/dose / Formoterol 6micrograms/dose inhaler CFC free
32926011000001100,Symbicort 200micrograms/dose / 6micrograms/dose pressurised inhaler (AstraZeneca UK Ltd)
4378111000001103,Budesonide 400micrograms/dose / Formoterol 12micrograms/dose dry powder inhaler
4373811000001100,Symbicort 400/12 Turbohaler (AstraZeneca UK Ltd)
10506611000001103,Symbicort 400/12 Turbohaler (Waymade Healthcare Plc)
13206611000001109,Symbicort 400/12 Turbohaler (Dowelhurst Ltd)
13959211000001106,Symbicort 400/12 Turbohaler (DE Pharmaceuticals)
14621111000001102,Symbicort 400/12 Turbohaler (Sigma Pharmaceuticals Plc)
17457811000001106,Symbicort 400/12 Turbohaler (Mawdsley-Brooks & Company Ltd)
18195511000001102,Symbicort 400/12 Turbohaler (Necessity Supplies Ltd)
25254711000001106,DuoResp Spiromax 320micrograms/dose / 9micrograms/dose dry powder inhaler (Teva UK Ltd)
34812111000001106,Fobumix Easyhaler 320micrograms/dose / 9micrograms/dose dry powder inhaler (Orion Pharma (UK) Ltd)
36889511000001101,DuoResp Spiromax 320micrograms/dose / 9micrograms/dose dry powder inhaler (Pharmaram Ltd)
37397211000001108,DuoResp Spiromax 320micrograms/dose / 9micrograms/dose dry powder inhaler (Mawdsley-Brooks & Company Ltd)
37434611000001100,DuoResp Spiromax 320micrograms/dose / 9micrograms/dose dry powder inhaler (CST Pharma Ltd)
37444211000001103,Symbicort 400/12 Turbohaler (CST Pharma Ltd)
37631711000001109,DuoResp Spiromax 320micrograms/dose / 9micrograms/dose dry powder inhaler (Ethigen Ltd)
37997711000001106,Symbicort 400/12 Turbohaler (Pharmaram Ltd)
38130211000001103,DuoResp Spiromax 320micrograms/dose / 9micrograms/dose dry powder inhaler (DE Pharmaceuticals)
40106211000001107,WockAIR 320micrograms/dose / 9micrograms/dose dry powder inhaler (Wockhardt UK Ltd)
35912011000001109,Budesonide 100micrograms/dose / Formoterol 6micrograms/dose dry powder inhaler
3294211000001101,Symbicort 100/6 Turbohaler (AstraZeneca UK Ltd)
10983311000001107,Symbicort 100/6 Turbohaler (Waymade Healthcare Plc)
13206411000001106,Symbicort 100/6 Turbohaler (Dowelhurst Ltd)
13958011000001106,Symbicort 100/6 Turbohaler (DE Pharmaceuticals)
14620511000001104,Symbicort 100/6 Turbohaler (Sigma Pharmaceuticals Plc)
17457311000001102,Symbicort 100/6 Turbohaler (Mawdsley-Brooks & Company Ltd)
18195111000001106,Symbicort 100/6 Turbohaler (Necessity Supplies Ltd)
34950611000001103,Fobumix Easyhaler 80micrograms/dose / 4.5micrograms/dose dry powder inhaler (Orion Pharma (UK) Ltd)
37997311000001107,Symbicort 100/6 Turbohaler (Pharmaram Ltd)
38896811000001103,Budesonide 200micrograms/dose / Formoterol 6micrograms/dose dry powder inhaler
3294611000001104,Symbicort 200/6 Turbohaler (AstraZeneca UK Ltd)
5277211000001106,Symbicort 200/6 Turbohaler (Waymade Healthcare Plc)
5321011000001102,Symbicort 200/6 Turbohaler (Dowelhurst Ltd)
13958611000001104,Symbicort 200/6 Turbohaler (DE Pharmaceuticals)
14620711000001109,Symbicort 200/6 Turbohaler (Sigma Pharmaceuticals Plc)
17457611000001107,Symbicort 200/6 Turbohaler (Mawdsley-Brooks & Company Ltd)
18195311000001108,Symbicort 200/6 Turbohaler (Necessity Supplies Ltd)
25254111000001105,DuoResp Spiromax 160micrograms/dose / 4.5micrograms/dose dry powder inhaler (Teva UK Ltd)
34950311000001108,Fobumix Easyhaler 160micrograms/dose / 4.5micrograms/dose dry powder inhaler (Orion Pharma (UK) Ltd)
36889311000001107,DuoResp Spiromax 160micrograms/dose / 4.5micrograms/dose dry powder inhaler (Pharmaram Ltd)
37397411000001107,DuoResp Spiromax 160micrograms/dose / 4.5micrograms/dose dry powder inhaler (Mawdsley-Brooks & Company Ltd)
37434411000001103,DuoResp Spiromax 160micrograms/dose / 4.5micrograms/dose dry powder inhaler (CST Pharma Ltd)
37631511000001104,DuoResp Spiromax 160micrograms/dose / 4.5micrograms/dose dry powder inhaler (Ethigen Ltd)
37739011000001101,Symbicort 200/6 Turbohaler (CST Pharma Ltd)
37997511000001101,Symbicort 200/6 Turbohaler (Pharmaram Ltd)
38130011000001108,DuoResp Spiromax 160micrograms/dose / 4.5micrograms/dose dry powder inhaler (DE Pharmaceuticals)
40106011000001102,WockAIR 160micrograms/dose / 4.5micrograms/dose dry powder inhaler (Wockhardt UK Ltd)
9004511000001107,Ciclesonide 80micrograms/dose inhaler CFC free
9003911000001102,Alvesco 80 inhaler (Covis Pharma Europe B.V.)
19726711000001101,Alvesco 80 inhaler (Mawdsley-Brooks & Company Ltd)
23438611000001104,Alvesco 80 inhaler (Waymade Healthcare Plc)
29959011000001102,Alvesco 80 inhaler (Lexon (UK) Ltd)
9004411000001108,Ciclesonide 160micrograms/dose inhaler CFC free
9004211000001109,Alvesco 160 inhaler (Covis Pharma Europe B.V.)
17490511000001100,Alvesco 160 inhaler (Mawdsley-Brooks & Company Ltd)
18050311000001104,Alvesco 160 inhaler (Lexon (UK) Ltd)
21690711000001109,Alvesco 160 inhaler (Waymade Healthcare Plc)
37577111000001108,Alvesco 160 inhaler (CST Pharma Ltd)
40377811000001105,Alvesco 160 inhaler (DE Pharmaceuticals)
4558411000001107,Fenoterol 200micrograms/dose inhaler
4537611000001107,Berotec 200micrograms/dose inhaler (Boehringer Ingelheim Ltd)
28422511000001101,Fenoterol 50micrograms/dose / Ipratropium bromide 20micrograms/dose inhaler CFC free
28410811000001107,Berodual N inhaler (Imported (Germany))
39711511000001107,Fenoterol 1.25mg/4ml / Ipratropium 500micrograms/4ml nebuliser liquid unit dose vials
4192411000001109,Duovent UDVs nebuliser liquid 4ml (Boehringer Ingelheim Ltd)
14214011000001107,Duovent UDVs nebuliser liquid 4ml (Sigma Pharmaceuticals Plc)
36066711000001102,Fenoterol 100micrograms/dose / Ipratropium bromide 40micrograms/dose breath actuated inhaler
2964011000001104,Duovent Autohaler (Boehringer Ingelheim Ltd)
36066611000001106,Fenoterol 100micrograms/dose / Ipratropium 40micrograms/dose inhaler
2923111000001107,Duovent inhaler (Boehringer Ingelheim Ltd)
36059111000001102,Fluticasone 25micrograms/dose inhaler
4856011000001103,Flixotide 25micrograms/dose inhaler (GlaxoSmithKline UK Ltd)
10835911000001109,Flixotide 25micrograms/dose inhaler (Waymade Healthcare Plc)
39712311000001105,Fluticasone 500micrograms/2ml nebuliser liquid unit dose vials
3389111000001102,Flixotide 0.5mg/2ml Nebules (GlaxoSmithKline UK Ltd)
12888311000001102,Flixotide 0.5mg/2ml Nebules (Waymade Healthcare Plc)
13878311000001100,Flixotide 0.5mg/2ml Nebules (DE Pharmaceuticals)
14234911000001101,Flixotide 0.5mg/2ml Nebules (Sigma Pharmaceuticals Plc)
16180411000001101,Flixotide 0.5mg/2ml Nebules (Lexon (UK) Ltd)
16580211000001109,Flixotide 0.5mg/2ml Nebules (Mawdsley-Brooks & Company Ltd)
38960111000001101,Fluticasone 500micrograms/2ml nebuliser liquid unit dose vials (Imported)
39712511000001104,Fluticasone 2mg/2ml nebuliser liquid unit dose vials
3397211000001103,Flixotide 2mg/2ml Nebules (GlaxoSmithKline UK Ltd)
10834011000001106,Flixotide 2mg/2ml Nebules (Waymade Healthcare Plc)
13878511000001106,Flixotide 2mg/2ml Nebules (DE Pharmaceuticals)
14235111000001100,Flixotide 2mg/2ml Nebules (Sigma Pharmaceuticals Plc)
16180611000001103,Flixotide 2mg/2ml Nebules (Lexon (UK) Ltd)
16580411000001108,Flixotide 2mg/2ml Nebules (Mawdsley-Brooks & Company Ltd)
38960511000001105,Fluticasone 2mg/2ml nebuliser liquid unit dose vials (Imported)
38897911000001106,Fluticasone propionate 50micrograms/dose dry powder inhaler
3183811000001101,Flixotide 50micrograms/dose Accuhaler (GlaxoSmithKline UK Ltd)
5295211000001105,Flixotide 50micrograms/dose Accuhaler (Dowelhurst Ltd)
13841811000001102,Flixotide 50micrograms/dose Accuhaler (Waymade Healthcare Plc)
14234311000001102,Flixotide 50micrograms/dose Accuhaler (Sigma Pharmaceuticals Plc)
16579011000001104,Flixotide 50micrograms/dose Accuhaler (Mawdsley-Brooks & Company Ltd)
19612611000001105,Flixotide 50micrograms/dose Accuhaler (DE Pharmaceuticals)
38897811000001101,Fluticasone propionate 100micrograms/dose dry powder inhaler
3184311000001107,Flixotide 100micrograms/dose Accuhaler (GlaxoSmithKline UK Ltd)
5261111000001103,Flixotide 100micrograms/dose Accuhaler (Waymade Healthcare Plc)
5290911000001105,Flixotide 100micrograms/dose Accuhaler (Dowelhurst Ltd)
13876511000001105,Flixotide 100micrograms/dose Accuhaler (DE Pharmaceuticals)
14233711000001100,Flixotide 100micrograms/dose Accuhaler (Sigma Pharmaceuticals Plc)
16579211000001109,Flixotide 100micrograms/dose Accuhaler (Mawdsley-Brooks & Company Ltd)
18261611000001102,Flixotide 100micrograms/dose Accuhaler (Necessity Supplies Ltd)
19965011000001108,Flixotide 100micrograms/dose Accuhaler (Lexon (UK) Ltd)
37446211000001108,Flixotide 100micrograms/dose Accuhaler (CST Pharma Ltd)
39691211000001100,Fluticasone propionate 100micrograms/dose dry powder inhaler (Imported)
36565411000001101,Fluticasone propionate 250micrograms/dose dry powder inhaler
3184911000001108,Flixotide 250micrograms/dose Accuhaler (GlaxoSmithKline UK Ltd)
5261411000001108,Flixotide 250micrograms/dose Accuhaler (Waymade Healthcare Plc)
5293811000001107,Flixotide 250micrograms/dose Accuhaler (Dowelhurst Ltd)
13876711000001100,Flixotide 250micrograms/dose Accuhaler (DE Pharmaceuticals)
14234111000001104,Flixotide 250micrograms/dose Accuhaler (Sigma Pharmaceuticals Plc)
16179611000001103,Flixotide 250micrograms/dose Accuhaler (Lexon (UK) Ltd)
16545111000001101,Flixotide 250micrograms/dose Accuhaler (Stephar (U.K.) Ltd)
16579411000001108,Flixotide 250micrograms/dose Accuhaler (Mawdsley-Brooks & Company Ltd)
18261811000001103,Flixotide 250micrograms/dose Accuhaler (Necessity Supplies Ltd)
37446411000001107,Flixotide 250micrograms/dose Accuhaler (CST Pharma Ltd)
38897711000001109,Fluticasone propionate 500micrograms/dose dry powder inhaler
3185211000001103,Flixotide 500micrograms/dose Accuhaler (GlaxoSmithKline UK Ltd)
5262211000001102,Flixotide 500micrograms/dose Accuhaler (Waymade Healthcare Plc)
5294811000001105,Flixotide 500micrograms/dose Accuhaler (Dowelhurst Ltd)
13876911000001103,Flixotide 500micrograms/dose Accuhaler (DE Pharmaceuticals)
14233911000001103,Flixotide 500micrograms/dose Accuhaler (Sigma Pharmaceuticals Plc)
16179811000001104,Flixotide 500micrograms/dose Accuhaler (Lexon (UK) Ltd)
16579611000001106,Flixotide 500micrograms/dose Accuhaler (Mawdsley-Brooks & Company Ltd)
18262011000001101,Flixotide 500micrograms/dose Accuhaler (Necessity Supplies Ltd)
37446611000001105,Flixotide 500micrograms/dose Accuhaler (CST Pharma Ltd)
36059911000001104,Fluticasone propionate 50microgram inhalation powder blisters with device
3097711000001109,Flixotide 50microgram disks with Diskhaler (GlaxoSmithKline UK Ltd)
36059311000001100,Fluticasone propionate 100microgram inhalation powder blisters with device
3098611000001101,Flixotide 100microgram disks with Diskhaler (GlaxoSmithKline UK Ltd)
36059211000001108,Fluticasone propionate 100microgram inhalation powder blisters
3099611000001105,Flixotide 100microgram disks (GlaxoSmithKline UK Ltd)
5265811000001108,Flixotide 100microgram disks (Waymade Healthcare Plc)
5292311000001108,Flixotide 100microgram disks (Dowelhurst Ltd)
14235311000001103,Flixotide 100microgram disks (Sigma Pharmaceuticals Plc)
36059811000001109,Fluticasone propionate 50microgram inhalation powder blisters
3100811000001109,Flixotide 50microgram disks (GlaxoSmithKline UK Ltd)
36059511000001106,Fluticasone propionate 250microgram inhalation powder blisters
3103511000001100,Flixotide 250microgram disks (GlaxoSmithKline UK Ltd)
5266111000001107,Flixotide 250microgram disks (Waymade Healthcare Plc)
5294311000001101,Flixotide 250microgram disks (Dowelhurst Ltd)
13877111000001103,Flixotide 250microgram disks (DE Pharmaceuticals)
14235511000001109,Flixotide 250microgram disks (Sigma Pharmaceuticals Plc)
18262611000001108,Flixotide 250microgram disks (Necessity Supplies Ltd)
36059411000001107,Fluticasone propionate 250microgram inhalation powder blisters with device
3106311000001102,Flixotide 250microgram disks with Diskhaler (GlaxoSmithKline UK Ltd)
36059711000001101,Fluticasone propionate 500microgram inhalation powder blisters with device
3108411000001105,Flixotide 500microgram disks with Diskhaler (GlaxoSmithKline UK Ltd)
36059611000001105,Fluticasone propionate 500microgram inhalation powder blisters
3110511000001108,Flixotide 500microgram disks (GlaxoSmithKline UK Ltd)
5266711000001108,Flixotide 500microgram disks (Waymade Healthcare Plc)
5295011000001100,Flixotide 500microgram disks (Dowelhurst Ltd)
13877311000001101,Flixotide 500microgram disks (DE Pharmaceuticals)
14235711000001104,Flixotide 500microgram disks (Sigma Pharmaceuticals Plc)
18263011000001105,Flixotide 500microgram disks (Necessity Supplies Ltd)
39110911000001100,Fluticasone 50micrograms/dose inhaler CFC free
726611000001102,Flixotide 50micrograms/dose Evohaler (GlaxoSmithKline UK Ltd)
10855011000001109,Flixotide 50micrograms/dose Evohaler (Waymade Healthcare Plc)
17505711000001109,Flixotide 50micrograms/dose Evohaler (Mawdsley-Brooks & Company Ltd)
18058211000001105,Flixotide 50micrograms/dose Evohaler (Lexon (UK) Ltd)
18579211000001101,Flixotide 50micrograms/dose Evohaler (DE Pharmaceuticals)
39111211000001103,Fluticasone 125micrograms/dose inhaler CFC free
398511000001105,Flixotide 125micrograms/dose Evohaler (GlaxoSmithKline UK Ltd)
5267111000001105,Flixotide 125micrograms/dose Evohaler (Waymade Healthcare Plc)
5293111000001100,Flixotide 125micrograms/dose Evohaler (Dowelhurst Ltd)
5350911000001109,Fluticasone 125micrograms/dose Evohaler (Dowelhurst Ltd)
13877511000001107,Flixotide 125micrograms/dose Evohaler (DE Pharmaceuticals)
14234511000001108,Flixotide 125micrograms/dose Evohaler (Sigma Pharmaceuticals Plc)
16180011000001105,Flixotide 125micrograms/dose Evohaler (Lexon (UK) Ltd)
16545311000001104,Flixotide 125micrograms/dose Evohaler (Stephar (U.K.) Ltd)
16579811000001105,Flixotide 125micrograms/dose Evohaler (Mawdsley-Brooks & Company Ltd)
18262211000001106,Flixotide 125micrograms/dose Evohaler (Necessity Supplies Ltd)
39111411000001104,Fluticasone 250micrograms/dose inhaler CFC free
2831211000001109,Flixotide 250micrograms/dose Evohaler (GlaxoSmithKline UK Ltd)
5268111000001106,Flixotide 250micrograms/dose Evohaler (Waymade Healthcare Plc)
5294611000001106,Flixotide 250micrograms/dose Evohaler (Dowelhurst Ltd)
5351111000001100,Fluticasone 250micrograms/dose Evohaler (Dowelhurst Ltd)
13877711000001102,Flixotide 250micrograms/dose Evohaler (DE Pharmaceuticals)
14234711000001103,Flixotide 250micrograms/dose Evohaler (Sigma Pharmaceuticals Plc)
14238811000001103,Fluticasone 250micrograms/dose Evohaler (Sigma Pharmaceuticals Plc)
16180211000001100,Flixotide 250micrograms/dose Evohaler (Lexon (UK) Ltd)
16545511000001105,Flixotide 250micrograms/dose Evohaler (Stephar (U.K.) Ltd)
16580011000001104,Flixotide 250micrograms/dose Evohaler (Mawdsley-Brooks & Company Ltd)
16581211000001103,Fluticasone 250micrograms/dose Evohaler (Mawdsley-Brooks & Company Ltd)
18262411000001105,Flixotide 250micrograms/dose Evohaler (Necessity Supplies Ltd)
40455811000001109,Fluticasone propionate 202micrograms/dose / Salmeterol 12.75micrograms/dose dry powder inhaler
40444911000001101,Seffalair Spiromax 12.75micrograms/dose / 202micrograms/dose dry powder inhaler (Teva UK Ltd)
40455711000001101,Fluticasone propionate 100micrograms/dose / Salmeterol 12.75micrograms/dose dry powder inhaler
40445111000001100,Seffalair Spiromax 12.75micrograms/dose / 100micrograms/dose dry powder inhaler (Teva UK Ltd)
38897611000001100,Fluticasone propionate 100micrograms/dose / Salmeterol 50micrograms/dose dry powder inhaler
3186911000001100,Seretide 100 Accuhaler (GlaxoSmithKline UK Ltd)
5275611000001101,Seretide 100 Accuhaler (Waymade Healthcare Plc)
5317111000001100,Seretide 100 Accuhaler (Dowelhurst Ltd)
13997111000001100,Seretide 100 Accuhaler (DE Pharmaceuticals)
14674111000001100,Seretide 100 Accuhaler (Sigma Pharmaceuticals Plc)
16240811000001109,Seretide 100 Accuhaler (Lexon (UK) Ltd)
16587911000001104,Seretide 100 Accuhaler (Stephar (U.K.) Ltd)
17440111000001102,Seretide 100 Accuhaler (Mawdsley-Brooks & Company Ltd)
18185011000001106,Seretide 100 Accuhaler (Necessity Supplies Ltd)
39567811000001100,Fixkoh Airmaster 50micrograms/dose / 100micrograms/dose dry powder inhaler (Thornton & Ross Ltd)
41158211000001107,Campona Airmaster 50micrograms/dose / 100micrograms/dose dry powder inhaler (Genesis Pharmaceuticals Ltd)
38897511000001104,Fluticasone propionate 250micrograms/dose / Salmeterol 50micrograms/dose dry powder inhaler
3187211000001106,Seretide 250 Accuhaler (GlaxoSmithKline UK Ltd)
5276011000001104,Seretide 250 Accuhaler (Waymade Healthcare Plc)
5317311000001103,Seretide 250 Accuhaler (Dowelhurst Ltd)
13997511000001109,Seretide 250 Accuhaler (DE Pharmaceuticals)
14674711000001104,Seretide 250 Accuhaler (Sigma Pharmaceuticals Plc)
16241011000001107,Seretide 250 Accuhaler (Lexon (UK) Ltd)
17440311000001100,Seretide 250 Accuhaler (Mawdsley-Brooks & Company Ltd)
18185211000001101,Seretide 250 Accuhaler (Necessity Supplies Ltd)
35515511000001100,Fusacomb Easyhaler 50micrograms/dose / 250micrograms/dose dry powder inhaler (Orion Pharma (UK) Ltd)
37443211000001101,Seretide 250 Accuhaler (CST Pharma Ltd)
37702211000001106,Seretide 250 Accuhaler (Pilsco Ltd)
39567611000001104,Fixkoh Airmaster 50micrograms/dose / 250micrograms/dose dry powder inhaler (Thornton & Ross Ltd)
40504911000001103,Sereflo Ciphaler 50micrograms/dose / 250micrograms/dose dry powder inhaler (Cipla EU Ltd)
41158811000001108,Campona Airmaster 50micrograms/dose / 250micrograms/dose dry powder inhaler (Genesis Pharmaceuticals Ltd)
38897411000001103,Fluticasone propionate 500micrograms/dose / Salmeterol 50micrograms/dose dry powder inhaler
3188311000001102,Seretide 500 Accuhaler (GlaxoSmithKline UK Ltd)
5276211000001109,Seretide 500 Accuhaler (Waymade Healthcare Plc)
5317511000001109,Seretide 500 Accuhaler (Dowelhurst Ltd)
14705211000001107,Seretide 500 Accuhaler (Sigma Pharmaceuticals Plc)
16241111000001108,Seretide 500 Accuhaler (Lexon (UK) Ltd)
17440511000001106,Seretide 500 Accuhaler (Mawdsley-Brooks & Company Ltd)
18185411000001102,Seretide 500 Accuhaler (Necessity Supplies Ltd)
18611411000001104,Seretide 500 Accuhaler (DE Pharmaceuticals)
30950311000001106,AirFluSal Forspiro 50micrograms/dose / 500micrograms/dose dry powder inhaler (Sandoz Ltd)
31064811000001101,Fluticasone propionate 500micrograms/dose / Salmeterol 50micrograms/dose dry powder inhaler (A A H Pharmaceuticals Ltd)
33679711000001103,Aerivio Spiromax 50micrograms/dose / 500micrograms/dose dry powder inhaler (Teva UK Ltd)
35515311000001106,Fusacomb Easyhaler 50micrograms/dose / 500micrograms/dose dry powder inhaler (Orion Pharma (UK) Ltd)
36604711000001102,Stalpex 50micrograms/dose / 500micrograms/dose dry powder inhaler (Glenmark Pharmaceuticals Europe Ltd)
37443411000001102,Seretide 500 Accuhaler (CST Pharma Ltd)
37702611000001108,Seretide 500 Accuhaler (Pilsco Ltd)
37714411000001100,AirFluSal Forspiro 50micrograms/dose / 500micrograms/dose dry powder inhaler (Pilsco Ltd)
39567411000001102,Fixkoh Airmaster 50micrograms/dose / 500micrograms/dose dry powder inhaler (Thornton & Ross Ltd)
41159011000001107,Campona Airmaster 50micrograms/dose / 500micrograms/dose dry powder inhaler (Genesis Pharmaceuticals Ltd)
41619211000001108,Sereflo Ciphaler 50micrograms/dose / 500micrograms/dose dry powder inhaler (Cipla EU Ltd)
39111011000001108,Fluticasone 50micrograms/dose / Salmeterol 25micrograms/dose inhaler CFC free
453611000001102,Seretide 50 Evohaler (GlaxoSmithKline UK Ltd)
16728511000001101,Seretide 50 Evohaler (Waymade Healthcare Plc)
35594011000001105,Combisal 25micrograms/dose / 50micrograms/dose inhaler (Aspire Pharma Ltd)
40034211000001104,Avenor 25micrograms/dose / 50micrograms/dose inhaler (Zentiva Pharma UK Ltd)
40220711000001106,Seretide 50 Evohaler (CST Pharma Ltd)
39111111000001109,Fluticasone 125micrograms/dose / Salmeterol 25micrograms/dose inhaler CFC free
810211000001105,Seretide 125 Evohaler (GlaxoSmithKline UK Ltd)
10473211000001109,Seretide 125 Evohaler (Dowelhurst Ltd)
10512011000001109,Seretide 125 Evohaler (Waymade Healthcare Plc)
13998111000001104,Seretide 125 Evohaler (DE Pharmaceuticals)
14705411000001106,Seretide 125 Evohaler (Sigma Pharmaceuticals Plc)
16241311000001105,Seretide 125 Evohaler (Lexon (UK) Ltd)
17440711000001101,Seretide 125 Evohaler (Mawdsley-Brooks & Company Ltd)
18185611000001104,Seretide 125 Evohaler (Necessity Supplies Ltd)
29782111000001107,Sirdupla 25micrograms/dose / 125micrograms/dose inhaler (Viatris UK Healthcare Ltd)
31064411000001103,Fluticasone 125micrograms/dose / Salmeterol 25micrograms/dose inhaler CFC free (A A H Pharmaceuticals Ltd)
34023611000001101,Sereflo 25micrograms/dose / 125micrograms/dose inhaler (Cipla EU Ltd)
34215311000001107,AirFluSal 25micrograms/dose / 125micrograms/dose inhaler (Sandoz Ltd)
34677011000001107,Aloflute 25micrograms/dose / 125micrograms/dose inhaler (Viatris UK Healthcare Ltd)
35594211000001100,Combisal 25micrograms/dose / 125micrograms/dose inhaler (Aspire Pharma Ltd)
37444011000001108,Seretide 125 Evohaler (CST Pharma Ltd)
37714611000001102,AirFluSal 25micrograms/dose / 125micrograms/dose inhaler (Pilsco Ltd)
37996511000001103,Seretide 125 Evohaler (Pharmaram Ltd)
38166911000001103,Sirdupla 25micrograms/dose / 125micrograms/dose inhaler (DE Pharmaceuticals)
38640111000001109,Sirdupla 25micrograms/dose / 125micrograms/dose inhaler (Pilsco Ltd)
39360411000001104,Sereflo 25micrograms/dose / 125micrograms/dose inhaler (Pilsco Ltd)
40040711000001101,Avenor 25micrograms/dose / 125micrograms/dose inhaler (Zentiva Pharma UK Ltd)
39111311000001106,Fluticasone 250micrograms/dose / Salmeterol 25micrograms/dose inhaler CFC free
539811000001106,Seretide 250 Evohaler (GlaxoSmithKline UK Ltd)
5276811000001105,Seretide 250 Evohaler (Waymade Healthcare Plc)
10472811000001102,Seretide 250 Evohaler (Dowelhurst Ltd)
13998411000001109,Seretide 250 Evohaler (DE Pharmaceuticals)
14705811000001108,Seretide 250 Evohaler (Sigma Pharmaceuticals Plc)
16241511000001104,Seretide 250 Evohaler (Lexon (UK) Ltd)
16588111000001101,Seretide 250 Evohaler (Stephar (U.K.) Ltd)
17440911000001104,Seretide 250 Evohaler (Mawdsley-Brooks & Company Ltd)
18185811000001100,Seretide 250 Evohaler (Necessity Supplies Ltd)
29782511000001103,Sirdupla 25micrograms/dose / 250micrograms/dose inhaler (Viatris UK Healthcare Ltd)
30253911000001100,Sirdupla 25micrograms/dose / 250micrograms/dose inhaler (Waymade Healthcare Plc)
31064611000001100,Fluticasone 250micrograms/dose / Salmeterol 25micrograms/dose inhaler CFC free (A A H Pharmaceuticals Ltd)
34023811000001102,Sereflo 25micrograms/dose / 250micrograms/dose inhaler (Cipla EU Ltd)
34215511000001101,AirFluSal 25micrograms/dose / 250micrograms/dose inhaler (Sandoz Ltd)
34675711000001103,Aloflute 25micrograms/dose / 250micrograms/dose inhaler (Viatris UK Healthcare Ltd)
35594411000001101,Combisal 25micrograms/dose / 250micrograms/dose inhaler (Aspire Pharma Ltd)
37443611000001104,Seretide 250 Evohaler (CST Pharma Ltd)
37702411000001105,Seretide 250 Evohaler (Pilsco Ltd)
37714811000001103,AirFluSal 25micrograms/dose / 250micrograms/dose inhaler (Pilsco Ltd)
37729411000001107,Sereflo 25micrograms/dose / 250micrograms/dose inhaler (Pilsco Ltd)
37996711000001108,Seretide 250 Evohaler (Pharmaram Ltd)
38167111000001103,Sirdupla 25micrograms/dose / 250micrograms/dose inhaler (DE Pharmaceuticals)
38640311000001106,Sirdupla 25micrograms/dose / 250micrograms/dose inhaler (Pilsco Ltd)
40040911000001104,Avenor 25micrograms/dose / 250micrograms/dose inhaler (Zentiva Pharma UK Ltd)
23661311000001105,Fluticasone furoate 184micrograms/dose / Vilanterol 22micrograms/dose dry powder inhaler
23621711000001102,Relvar Ellipta 184micrograms/dose / 22micrograms/dose dry powder inhaler (GlaxoSmithKline UK Ltd)
30273011000001101,Relvar Ellipta 184micrograms/dose / 22micrograms/dose dry powder inhaler (Waymade Healthcare Plc)
31457011000001100,Fluticasone furoate 184micrograms/dose / Vilanterol 22micrograms/dose dry powder inhaler (J M McGill Ltd)
32333511000001106,Fluticasone furoate 184micrograms/dose / Vilanterol 22micrograms/dose dry powder inhaler (Colorama Pharmaceuticals Ltd)
32684611000001106,Fluticasone furoate 184micrograms/dose / Vilanterol 22micrograms/dose dry powder inhaler (DE Pharmaceuticals)
37532911000001106,Relvar Ellipta 184micrograms/dose / 22micrograms/dose dry powder inhaler (CST Pharma Ltd)
37700511000001108,Relvar Ellipta 184micrograms/dose / 22micrograms/dose dry powder inhaler (Pilsco Ltd)
37994011000001101,Relvar Ellipta 184micrograms/dose / 22micrograms/dose dry powder inhaler (Pharmaram Ltd)
38165511000001103,Relvar Ellipta 184micrograms/dose / 22micrograms/dose dry powder inhaler (DE Pharmaceuticals)
23661411000001103,Fluticasone furoate 92micrograms/dose / Vilanterol 22micrograms/dose dry powder inhaler
23622011000001107,Relvar Ellipta 92micrograms/dose / 22micrograms/dose dry powder inhaler (GlaxoSmithKline UK Ltd)
30273211000001106,Relvar Ellipta 92micrograms/dose / 22micrograms/dose dry powder inhaler (Waymade Healthcare Plc)
31457411000001109,Fluticasone furoate 92micrograms/dose / Vilanterol 22micrograms/dose dry powder inhaler (J M McGill Ltd)
32333911000001104,Fluticasone furoate 92micrograms/dose / Vilanterol 22micrograms/dose dry powder inhaler (Colorama Pharmaceuticals Ltd)
32684911000001100,Fluticasone furoate 92micrograms/dose / Vilanterol 22micrograms/dose dry powder inhaler (DE Pharmaceuticals)
37533111000001102,Relvar Ellipta 92micrograms/dose / 22micrograms/dose dry powder inhaler (CST Pharma Ltd)
37700711000001103,Relvar Ellipta 92micrograms/dose / 22micrograms/dose dry powder inhaler (Pilsco Ltd)
37994211000001106,Relvar Ellipta 92micrograms/dose / 22micrograms/dose dry powder inhaler (Pharmaram Ltd)
38165311000001109,Relvar Ellipta 92micrograms/dose / 22micrograms/dose dry powder inhaler (DE Pharmaceuticals)
9652711000001107,Formoterol 12micrograms/dose inhaler CFC free
9628711000001106,Atimos Modulite 12micrograms/dose inhaler (Chiesi Ltd)
30041511000001100,Atimos Modulite 12micrograms/dose inhaler (Waymade Healthcare Plc)
37715611000001101,Atimos Modulite 12micrograms/dose inhaler (Pilsco Ltd)
39112911000001101,Formoterol 6micrograms/dose dry powder inhaler
3243511000001107,Oxis 6 Turbohaler (AstraZeneca UK Ltd)
5272211000001108,Oxis 6 Turbohaler (Waymade Healthcare Plc)
5307711000001102,Oxis 6 Turbohaler (Dowelhurst Ltd)
13943811000001108,Oxis 6 Turbohaler (DE Pharmaceuticals)
14706311000001109,Oxis 6 Turbohaler (Sigma Pharmaceuticals Plc)
16219211000001106,Oxis 6 Turbohaler (Lexon (UK) Ltd)
17344411000001108,Oxis 6 Turbohaler (Mawdsley-Brooks & Company Ltd)
17616311000001108,Oxis 6 Turbohaler (Necessity Supplies Ltd)
37443811000001100,Oxis 6 Turbohaler (CST Pharma Ltd)
39113011000001109,Formoterol 12micrograms/dose dry powder inhaler
3245011000001103,Oxis 12 Turbohaler (AstraZeneca UK Ltd)
5271811000001100,Oxis 12 Turbohaler (Waymade Healthcare Plc)
5307111000001103,Oxis 12 Turbohaler (Dowelhurst Ltd)
11176411000001106,Formoterol Easyhaler 12micrograms/dose dry powder inhaler (Orion Pharma (UK) Ltd)
13944011000001100,Oxis 12 Turbohaler (DE Pharmaceuticals)
14705611000001109,Oxis 12 Turbohaler (Sigma Pharmaceuticals Plc)
16219411000001105,Oxis 12 Turbohaler (Lexon (UK) Ltd)
16585911000001109,Oxis 12 Turbohaler (Stephar (U.K.) Ltd)
17344611000001106,Oxis 12 Turbohaler (Mawdsley-Brooks & Company Ltd)
17616911000001109,Oxis 12 Turbohaler (Necessity Supplies Ltd)
37575111000001104,Oxis 12 Turbohaler (CST Pharma Ltd)
12626211000001108,Formoterol 12microgram inhalation powder capsules with device
3206811000001109,Foradil 12microgram inhalation powder capsules with device (Novartis Pharmaceuticals UK Ltd)
14239811000001105,Foradil 12microgram inhalation powder capsules with device (Sigma Pharmaceuticals Plc)
16545911000001103,Foradil 12microgram inhalation powder capsules with device (Stephar (U.K.) Ltd)
16581611000001101,Foradil 12microgram inhalation powder capsules with device (Mawdsley-Brooks & Company Ltd)
18058411000001109,Foradil 12microgram inhalation powder capsules with device (Lexon (UK) Ltd)
21866011000001104,Foradil 12microgram inhalation powder capsules with device (Waymade Healthcare Plc)
37574711000001102,Foradil 12microgram inhalation powder capsules with device (CST Pharma Ltd)
17313811000001104,Indacaterol 300microgram inhalation powder capsules with device
17299911000001102,Onbrez Breezhaler 300microgram inhalation powder capsules with device (Novartis Pharmaceuticals UK Ltd)
18489111000001108,Onbrez Breezhaler 300microgram inhalation powder capsules with device (Waymade Healthcare Plc)
37526611000001101,Onbrez Breezhaler 300microgram inhalation powder capsules with device (CST Pharma Ltd)
38157311000001108,Onbrez Breezhaler 300microgram inhalation powder capsules with device (DE Pharmaceuticals)
17313711000001107,Indacaterol 150microgram inhalation powder capsules with device
17300811000001109,Onbrez Breezhaler 150microgram inhalation powder capsules with device (Novartis Pharmaceuticals UK Ltd)
18488911000001103,Onbrez Breezhaler 150microgram inhalation powder capsules with device (Waymade Healthcare Plc)
37526111000001109,Onbrez Breezhaler 150microgram inhalation powder capsules with device (CST Pharma Ltd)
37549211000001109,Onbrez Breezhaler 150microgram inhalation powder capsules with device (Mawdsley-Brooks & Company Ltd)
38157111000001106,Onbrez Breezhaler 150microgram inhalation powder capsules with device (DE Pharmaceuticals)
38894511000001107,Ipratropium bromide 20micrograms/dose inhaler CFC free
7389911000001105,Atrovent 20micrograms/dose inhaler CFC free (Boehringer Ingelheim Ltd)
14206211000001105,Atrovent 20micrograms/dose inhaler CFC free (Sigma Pharmaceuticals Plc)
18071311000001107,Atrovent 20micrograms/dose inhaler CFC free (Lexon (UK) Ltd)
20164811000001104,Atrovent 20micrograms/dose inhaler CFC free (DE Pharmaceuticals)
27872911000001109,Ipratropium bromide 20micrograms/dose inhaler CFC free (A A H Pharmaceuticals Ltd)
32408711000001106,Ipratropium bromide 20micrograms/dose inhaler CFC free (Kent Pharma (UK) Ltd)
34954811000001109,Inhalvent 20micrograms/dose inhaler (Alissa Healthcare Research Ltd)
37344011000001102,Atrovent 20micrograms/dose inhaler CFC free (Mawdsley-Brooks & Company Ltd)
37596311000001101,Atrovent 20micrograms/dose inhaler CFC free (CST Pharma Ltd)
37842911000001109,Ipravent 20micrograms/dose inhaler CFC free (Cipla EU Ltd)
39717511000001101,Ipratropium bromide 500micrograms/2ml nebuliser liquid unit dose vials
3221011000001103,Ipratropium bromide 500micrograms/2ml nebuliser liquid unit dose vials (A A H Pharmaceuticals Ltd)
3221911000001104,Tropiovent 500micrograms/2ml nebuliser liquid unit dose Steripoule vials (Ashbourne Pharmaceuticals Ltd)
3222411000001102,Atrovent 500micrograms/2ml nebuliser liquid UDVs (Boehringer Ingelheim Ltd)
3222711000001108,Ipratropium bromide 500micrograms/2ml nebuliser liquid unit dose vials (The Boots Company Plc)
3222911000001105,Respontin 500micrograms/2ml Nebules (GlaxoSmithKline UK Ltd)
3223111000001101,Ipratropium 500micrograms/2ml nebuliser liquid Steri-Neb unit dose vials (Teva UK Ltd)
3223511000001105,Ipratropium bromide 500micrograms/2ml nebuliser liquid unit dose vials (Alliance Healthcare (Distribution) Ltd)
8097811000001100,Ipratropium bromide 500micrograms/2ml nebuliser liquid unit dose vials (Kent Pharma (UK) Ltd)
9039811000001104,Ipratropium 500micrograms/2ml nebuliser liquid unit dose Steripoule vials (Galen Ltd)
9102111000001100,Ipratropium bromide 500micrograms/2ml nebuliser liquid unit dose vials (Teva UK Ltd)
10453611000001109,Ipratropium bromide 500micrograms/2ml nebuliser liquid unit dose vials (Arrow Generics Ltd)
11006311000001100,Ipratropium bromide 500micrograms/2ml nebuliser liquid unit dose vials (Accord Healthcare Ltd)
15214311000001101,Ipratropium bromide 500micrograms/2ml nebuliser liquid unit dose vials (Sigma Pharmaceuticals Plc)
17933311000001107,Ipratropium bromide 500micrograms/2ml nebuliser liquid unit dose vials (Phoenix Healthcare Distribution Ltd)
21508411000001109,Atrovent 500micrograms/2ml nebuliser liquid UDVs (Waymade Healthcare Plc)
21720011000001109,Ipratropium bromide 500micrograms/2ml nebuliser liquid unit dose vials (Advanz Pharma)
22062511000001106,Ipratropium bromide 500micrograms/2ml nebuliser liquid unit dose vials (Waymade Healthcare Plc)
23949311000001100,Ipratropium bromide 500micrograms/2ml nebuliser liquid unit dose vials (DE Pharmaceuticals)
29978911000001108,Atrovent 500micrograms/2ml nebuliser liquid UDVs (Lexon (UK) Ltd)
30215011000001107,Ipratropium bromide 500micrograms/2ml nebuliser liquid unit dose vials (Mawdsley-Brooks & Company Ltd)
37344911000001103,Atrovent 500micrograms/2ml nebuliser liquid UDVs (Mawdsley-Brooks & Company Ltd)
39001511000001107,Ipratropium bromide 500micrograms/2ml nebuliser liquid unit dose vials (Medihealth (Northern) Ltd)
39717211000001104,Ipratropium bromide 250micrograms/1ml nebuliser liquid unit dose vials
3225311000001103,Ipratropium bromide 250micrograms/1ml nebuliser liquid unit dose vials (A A H Pharmaceuticals Ltd)
3225811000001107,Tropiovent 250micrograms/1ml nebuliser liquid unit dose Steripoule vials (Ashbourne Pharmaceuticals Ltd)
3226411000001101,Atrovent 250micrograms/1ml nebuliser liquid UDVs (Boehringer Ingelheim Ltd)
3226811000001104,Ipratropium bromide 250micrograms/1ml nebuliser liquid unit dose vials (The Boots Company Plc)
3227011000001108,Respontin 250micrograms/1ml Nebules (GlaxoSmithKline UK Ltd)
3227211000001103,Ipratropium 250micrograms/1ml nebuliser liquid Steri-Neb unit dose vials (Teva UK Ltd)
3227511000001100,Ipratropium bromide 250micrograms/1ml nebuliser liquid unit dose vials (Alliance Healthcare (Distribution) Ltd)
8097311000001109,Ipratropium bromide 250micrograms/1ml nebuliser liquid unit dose vials (Kent Pharma (UK) Ltd)
9039611000001103,Ipratropium 250micrograms/1ml nebuliser liquid unit dose Steripoule vials (Galen Ltd)
9101911000001108,Ipratropium bromide 250micrograms/1ml nebuliser liquid unit dose vials (Teva UK Ltd)
10453411000001106,Ipratropium bromide 250micrograms/1ml nebuliser liquid unit dose vials (Arrow Generics Ltd)
11006111000001102,Ipratropium bromide 250micrograms/1ml nebuliser liquid unit dose vials (Accord Healthcare Ltd)
15213511000001109,Ipratropium bromide 250micrograms/1ml nebuliser liquid unit dose vials (Sigma Pharmaceuticals Plc)
17933111000001105,Ipratropium bromide 250micrograms/1ml nebuliser liquid unit dose vials (Phoenix Healthcare Distribution Ltd)
21719511000001100,Ipratropium bromide 250micrograms/1ml nebuliser liquid unit dose vials (Advanz Pharma)
22062311000001100,Ipratropium bromide 250micrograms/1ml nebuliser liquid unit dose vials (Waymade Healthcare Plc)
23949111000001102,Ipratropium bromide 250micrograms/1ml nebuliser liquid unit dose vials (DE Pharmaceuticals)
29978611000001102,Atrovent 250micrograms/1ml nebuliser liquid UDVs (Lexon (UK) Ltd)
37344411000001106,Atrovent 250micrograms/1ml nebuliser liquid UDVs (Mawdsley-Brooks & Company Ltd)
39001311000001101,Ipratropium bromide 250micrograms/1ml nebuliser liquid unit dose vials (Medihealth (Northern) Ltd)
39717411000001100,Ipratropium bromide 40microgram inhalation powder capsules
3235911000001100,Atrovent 40microgram Aerocaps (Boehringer Ingelheim Ltd)
39717311000001107,Ipratropium bromide 40microgram inhalation powder capsules with device
3238911000001106,Atrovent 40microgram Aerocaps with Aerohaler (Boehringer Ingelheim Ltd)
36049211000001106,Ipratropium bromide 20micrograms/dose breath actuated inhaler
351411000001106,Atrovent 20micrograms/dose Autohaler (Boehringer Ingelheim Ltd)
36049311000001103,Ipratropium bromide 20micrograms/dose inhaler
24011000001103,Atrovent 20micrograms/dose inhaler (Boehringer Ingelheim Ltd)
5255211000001100,Atrovent 20micrograms/dose inhaler (Waymade Healthcare Plc)
5281611000001108,Atrovent 20micrograms/dose inhaler (Dowelhurst Ltd)
5297911000001106,Ipratropium 20micrograms/dose inhaler (Dowelhurst Ltd)
36049411000001105,Ipratropium bromide 40micrograms/dose inhaler
347611000001103,Atrovent Forte 40micrograms/dose inhaler (Boehringer Ingelheim Ltd)
15534911000001100,Salbutamol 2.5mg/2.5ml / Ipratropium bromide 500micrograms/2.5ml nebuliser liquid ampoules
15522411000001103,Salipraneb 0.5mg/2.5mg nebuliser solution 2.5ml ampoules (Arrow Generics Ltd)
16733611000001107,Salbutamol 2.5mg/2.5ml / Ipratropium bromide 500micrograms/2.5ml nebuliser liquid ampoules (A A H Pharmaceuticals Ltd)
32898611000001109,Salipraneb 0.5mg/2.5mg nebuliser solution 2.5ml ampoules (Actavis UK Ltd)
39710511000001100,Salbutamol 2.5mg/2.5ml / Ipratropium bromide 500micrograms/2.5ml nebuliser liquid unit dose vials
3406011000001104,Combivent nebuliser liquid 2.5ml UDVs (Boehringer Ingelheim Ltd)
5287711000001108,Combivent nebuliser liquid 2.5ml UDVs (Dowelhurst Ltd)
10776911000001102,Combivent nebuliser liquid 2.5ml UDVs (Waymade Healthcare Plc)
10927511000001104,Ipramol nebuliser solution 2.5ml Steri-Neb unit dose vials (Teva UK Ltd)
18220811000001104,Combivent nebuliser liquid 2.5ml UDVs (Mawdsley-Brooks & Company Ltd)
19541511000001101,Combivent nebuliser liquid 2.5ml UDVs (DE Pharmaceuticals)
19869411000001109,Combivent nebuliser liquid 2.5ml UDVs (Lexon (UK) Ltd)
23433411000001108,Salbutamol 2.5mg/2.5ml / Ipratropium bromide 500micrograms/2.5ml nebuliser liquid unit dose vials (J M McGill Ltd)
23961011000001108,Salbutamol 2.5mg/2.5ml / Ipratropium bromide 500micrograms/2.5ml nebuliser liquid unit dose vials (Niche Pharma Ltd)
29211411000001103,Salbutamol 2.5mg/2.5ml / Ipratropium bromide 500micrograms/2.5ml nebuliser liquid unit dose vials (Ennogen Healthcare Ltd)
32480911000001107,Salbutamol 2.5mg/2.5ml / Ipratropium bromide 500micrograms/2.5ml nebuliser liquid unit dose vials (Colorama Pharmaceuticals Ltd)
37364411000001100,Combivent nebuliser liquid 2.5ml UDVs (CST Pharma Ltd)
37625611000001100,Combivent nebuliser liquid 2.5ml UDVs (Pilsco Ltd)
38617811000001107,Combiprasal 0.5mg/2.5mg nebuliser solution 2.5ml unit dose vials (TriOn Pharma Ltd)
35936311000001102,Salbutamol 100micrograms/dose / Ipratropium 20micrograms/dose inhaler
3348611000001107,Combivent inhaler (Boehringer Ingelheim Ltd)
5259111000001108,Combivent inhaler (Waymade Healthcare Plc)
5287111000001107,Combivent inhaler (Dowelhurst Ltd)
38895611000001107,Mometasone 400micrograms/dose dry powder inhaler
4043811000001103,Asmanex 400micrograms/dose Twisthaler (Organon Pharma (UK) Ltd)
19727911000001101,Asmanex 400micrograms/dose Twisthaler (Mawdsley-Brooks & Company Ltd)
38895411000001109,Mometasone 200micrograms/dose dry powder inhaler
4045711000001107,Asmanex 200micrograms/dose Twisthaler (Organon Pharma (UK) Ltd)
24667411000001109,Asmanex 200micrograms/dose Twisthaler (Waymade Healthcare Plc)
37692311000001106,Olodaterol 2.5micrograms/dose inhalation solution cartridge CFC free
37678311000001100,Striverdi Respimat 2.5micrograms/dose inhalation solution refill cartridge (Boehringer Ingelheim Ltd)
24670111000001108,Olodaterol 2.5micrograms/dose solution for inhalation cartridge with device CFC free
24608011000001103,Striverdi Respimat 2.5micrograms/dose inhalation solution cartridge with device (Boehringer Ingelheim Ltd)
37692511000001100,Tiotropium bromide 2.5micrograms/dose / Olodaterol 2.5micrograms/dose inhalation solution cartridge CFC free
37678011000001103,Spiolto Respimat 2.5micrograms/dose / 2.5micrograms/dose inhalation solution refill cartridge (Boehringer Ingelheim Ltd)
29987211000001108,Tiotropium bromide 2.5micrograms/dose / Olodaterol 2.5micrograms/dose solution for inhalation cartridge with device CFC free
29971311000001100,Spiolto Respimat 2.5micrograms/dose / 2.5micrograms/dose inhalation solution cartridge with device (Boehringer Ingelheim Ltd)
37540311000001105,Yanimo Respimat 2.5micrograms/dose / 2.5micrograms/dose inhalation solution cartridge with device (Boehringer Ingelheim Ltd)
36022911000001105,Oxitropium bromide 100micrograms/dose inhaler
2944211000001101,Oxivent 100micrograms/dose inhaler (Boehringer Ingelheim Ltd)
5272411000001107,Oxivent 100micrograms/dose inhaler (Waymade Healthcare Plc)
36022811000001100,Oxitropium bromide 100micrograms/dose breath actuated inhaler
2947411000001107,Oxivent 100micrograms/dose Autohaler (Boehringer Ingelheim Ltd)
13566211000001103,Salbutamol 100micrograms/dose dry powder inhalation cartridge with device
13533511000001104,Salbulin Novolizer 100micrograms/dose inhalation powder (Viatris UK Healthcare Ltd)
13566111000001109,Salbutamol 100micrograms/dose dry powder inhalation cartridge
13533711000001109,Salbulin Novolizer 100micrograms/dose inhalation powder refill (Viatris UK Healthcare Ltd)
9207411000001106,Salbutamol 100micrograms/dose dry powder inhaler
9205211000001104,Easyhaler Salbutamol sulfate 100micrograms/dose dry powder inhaler (Orion Pharma (UK) Ltd)
38131211000001109,Easyhaler Salbutamol sulfate 100micrograms/dose dry powder inhaler (DE Pharmaceuticals)
39709511000001105,Salbutamol 5mg/ml nebuliser liquid
4843911000001107,Ventolin 5mg/ml respirator solution (GlaxoSmithKline UK Ltd)
39710011000001108,Salbutamol 5mg/2.5ml nebuliser liquid unit dose vials
3379611000001104,Salbutamol 5mg/2.5ml nebuliser liquid unit dose vials (A A H Pharmaceuticals Ltd)
3380811000001100,Maxivent 5mg/2.5ml nebuliser liquid unit dose Steripoule vials (Ashbourne Pharmaceuticals Ltd)
3381111000001101,Salbutamol 5mg/2.5ml nebuliser liquid unit dose vials (Viatris UK Healthcare Ltd)
3381811000001108,Ventolin 5mg Nebules (GlaxoSmithKline UK Ltd)
3383511000001109,Salamol 5mg/2.5ml nebuliser liquid Steri-Neb unit dose vials (Teva UK Ltd)
9040211000001108,Salbutamol 5mg/2.5ml nebuliser liquid unit dose Steripoule vials (Galen Ltd)
9102511000001109,Salbutamol 5mg/2.5ml nebuliser liquid unit dose vials (Teva UK Ltd)
10454011000001100,Salbutamol 5mg/2.5ml nebuliser liquid unit dose vials (Arrow Generics Ltd)
11006711000001101,Salbutamol 5mg/2.5ml nebuliser liquid unit dose vials (Accord Healthcare Ltd)
12880811000001108,Salbutamol 5mg/2.5ml nebuliser liquid unit dose vials (Kent Pharma (UK) Ltd)
17026711000001105,Salbutamol 5mg/2.5ml nebuliser liquid unit dose vials (Alliance Healthcare (Distribution) Ltd)
17471311000001106,Ventolin 5mg Nebules (Mawdsley-Brooks & Company Ltd)
17927411000001105,Salbutamol 5mg/2.5ml nebuliser liquid unit dose vials (Phoenix Healthcare Distribution Ltd)
18080911000001107,Salbutamol 5mg/2.5ml nebuliser liquid unit dose vials (Fannin (UK) Ltd)
30892111000001108,Salbutamol 5mg/2.5ml nebuliser liquid unit dose vials (Mawdsley-Brooks & Company Ltd)
38172811000001104,Ventolin 5mg Nebules (DE Pharmaceuticals)
41172211000001108,Salbutamol 5mg/2.5ml nebuliser liquid unit dose vials (Cipla EU Ltd)
39113311000001107,Salbutamol 200micrograms/dose dry powder inhaler
3382711000001107,Ventolin 200micrograms/dose Accuhaler (GlaxoSmithKline UK Ltd)
3384111000001103,Pulvinal Salbutamol 200micrograms/dose dry powder inhaler (Chiesi Ltd)
5324411000001108,Ventolin 200micrograms/dose Accuhaler (Dowelhurst Ltd)
9204911000001109,Easyhaler Salbutamol sulfate 200micrograms/dose dry powder inhaler (Orion Pharma (UK) Ltd)
10493811000001104,Ventolin 200micrograms/dose Accuhaler (Waymade Healthcare Plc)
13967411000001108,Ventolin 200micrograms/dose Accuhaler (DE Pharmaceuticals)
14750911000001104,Ventolin 200micrograms/dose Accuhaler (Sigma Pharmaceuticals Plc)
17470911000001100,Ventolin 200micrograms/dose Accuhaler (Mawdsley-Brooks & Company Ltd)
20031011000001108,Ventolin 200micrograms/dose Accuhaler (Lexon (UK) Ltd)
38131411000001108,Easyhaler Salbutamol sulfate 200micrograms/dose dry powder inhaler (DE Pharmaceuticals)
39709611000001109,Salbutamol 2.5mg/2.5ml nebuliser liquid unit dose vials
3385711000001103,Salbutamol 2.5mg/2.5ml nebuliser liquid unit dose vials (A A H Pharmaceuticals Ltd)
3386411000001100,Maxivent 2.5mg/2.5ml nebuliser liquid unit dose Steripoule vials (Ashbourne Pharmaceuticals Ltd)
3386811000001103,Salbutamol 2.5mg/2.5ml nebuliser liquid unit dose vials (Viatris UK Healthcare Ltd)
3387011000001107,Ventolin 2.5mg Nebules (GlaxoSmithKline UK Ltd)
3387511000001104,Salamol 2.5mg/2.5ml nebuliser liquid Steri-Neb unit dose vials (Teva UK Ltd)
9040011000001103,Salbutamol 2.5mg/2.5ml nebuliser liquid unit dose Steripoule vials (Galen Ltd)
9102311000001103,Salbutamol 2.5mg/2.5ml nebuliser liquid unit dose vials (Teva UK Ltd)
10453811000001108,Salbutamol 2.5mg/2.5ml nebuliser liquid unit dose vials (Arrow Generics Ltd)
11006511000001106,Salbutamol 2.5mg/2.5ml nebuliser liquid unit dose vials (Accord Healthcare Ltd)
12880611000001109,Salbutamol 2.5mg/2.5ml nebuliser liquid unit dose vials (Kent Pharma (UK) Ltd)
17026511000001100,Salbutamol 2.5mg/2.5ml nebuliser liquid unit dose vials (Alliance Healthcare (Distribution) Ltd)
17471511000001100,Ventolin 2.5mg Nebules (Mawdsley-Brooks & Company Ltd)
17927211000001106,Salbutamol 2.5mg/2.5ml nebuliser liquid unit dose vials (Phoenix Healthcare Distribution Ltd)
18080711000001105,Salbutamol 2.5mg/2.5ml nebuliser liquid unit dose vials (Fannin (UK) Ltd)
30891911000001100,Salbutamol 2.5mg/2.5ml nebuliser liquid unit dose vials (Mawdsley-Brooks & Company Ltd)
41170711000001100,Salbutamol 2.5mg/2.5ml nebuliser liquid unit dose vials (Cipla EU Ltd)
41346811000001102,Brodilaten 2.5mg/2.5ml nebuliser solution unit dose ampoules (Kent Pharma (UK) Ltd)
35936511000001108,Salbutamol 100micrograms/dose inhaler
3408611000001107,Salbutamol 100micrograms/dose inhaler (A A H Pharmaceuticals Ltd)
3410611000001106,Salbutamol 100micrograms/dose inhaler (Viatris UK Healthcare Ltd)
3412611000001107,Salbutamol 100micrograms/dose inhaler (Kent Pharma (UK) Ltd)
3415711000001107,Salbutamol 100micrograms/dose inhaler (Sandoz Ltd)
3417111000001102,Salbutamol 100micrograms/dose inhaler (Alliance Healthcare (Distribution) Ltd)
10432311000001108,Salbutamol 100micrograms/dose inhaler (Arrow Generics Ltd)
35936411000001109,Salbutamol 100micrograms/dose breath actuated inhaler
3293111000001105,Aerolin 100micrograms/dose Autohaler (3M Health Care Ltd)
35937211000001107,Salbutamol 95micrograms/dose dry powder inhaler
3186011000001104,Asmasal 95micrograms/dose Clickhaler (Focus Pharmaceuticals Ltd)
39709711000001100,Salbutamol 200microgram inhalation powder capsules
3214211000001100,Ventolin 200microgram Rotacaps (GlaxoSmithKline UK Ltd)
3214611000001103,Salbutamol 200 Cyclocaps (Teva UK Ltd)
5324811000001105,Ventolin 200microgram Rotacaps (Dowelhurst Ltd)
39112711000001103,Salbutamol 100micrograms/dose breath actuated inhaler CFC free
3214311000001108,Airomir 100micrograms/dose Autohaler (Teva UK Ltd)
3215311000001107,Salamol 100micrograms/dose Easi-Breathe inhaler (Teva UK Ltd)
17438511000001108,Salamol 100micrograms/dose Easi-Breathe inhaler (Mawdsley-Brooks & Company Ltd)
18610611000001106,Salamol 100micrograms/dose Easi-Breathe inhaler (DE Pharmaceuticals)
37395311000001108,Salamol 100micrograms/dose Easi-Breathe inhaler (CST Pharma Ltd)
37701911000001108,Salamol 100micrograms/dose Easi-Breathe inhaler (Pilsco Ltd)
39709811000001108,Salbutamol 400microgram inhalation powder capsules
3217611000001109,Salbutamol 400 Cyclocaps (Teva UK Ltd)
3218011000001101,Ventolin 400microgram Rotacaps (GlaxoSmithKline UK Ltd)
5583011000001107,Ventolin 400microgram Rotacaps (Dowelhurst Ltd)
35936611000001107,Salbutamol 200microgram inhalation powder blisters
3086111000001109,Ventodisks 200microgram (GlaxoSmithKline UK Ltd)
35936811000001106,Salbutamol 400microgram inhalation powder blisters
3089011000001102,Ventodisks 400microgram (GlaxoSmithKline UK Ltd)
35936711000001103,Salbutamol 200microgram inhalation powder blisters with device
3080411000001101,Ventodisks 200microgram with Diskhaler (GlaxoSmithKline UK Ltd)
35936911000001101,Salbutamol 400microgram inhalation powder blisters with device
3083011000001100,Ventodisks 400microgram with Diskhaler (GlaxoSmithKline UK Ltd)
39113611000001102,Salbutamol 100micrograms/dose inhaler CFC free
597011000001101,Airomir 100micrograms/dose inhaler (Teva UK Ltd)
840111000001107,Salbulin 100micrograms/dose inhaler (3M Health Care Ltd)
571311000001104,Salbutamol 100micrograms/dose inhaler CFC free (A A H Pharmaceuticals Ltd)
7511000001105,Salbutamol 100micrograms/dose inhaler CFC free (Actavis UK Ltd)
757611000001104,Salbutamol 100micrograms/dose inhaler CFC free (Teva UK Ltd)
222311000001102,Ventolin 100micrograms/dose Evohaler (GlaxoSmithKline UK Ltd)
189411000001105,Salbutamol 100micrograms/dose inhaler CFC free (Alliance Healthcare (Distribution) Ltd)
106511000001103,Salamol 100micrograms/dose inhaler CFC free (Teva UK Ltd)
45111000001100,Salbutamol 100micrograms/dose inhaler CFC free (Viatris UK Healthcare Ltd)
5277911000001102,Ventolin 100micrograms/dose Evohaler (Waymade Healthcare Plc)
5594511000001100,Ventolin 100micrograms/dose Evohaler (Dowelhurst Ltd)
13968911000001104,Ventolin 100micrograms/dose Evohaler (DE Pharmaceuticals)
17471111000001109,Ventolin 100micrograms/dose Evohaler (Mawdsley-Brooks & Company Ltd)
17927011000001101,Salbutamol 100micrograms/dose inhaler CFC free (Phoenix Healthcare Distribution Ltd)
18041311000001106,Salbutamol 100micrograms/dose inhaler CFC free (Sandoz Ltd)
18148111000001107,Asmavent 100micrograms/dose inhaler CFC free (Kent Pharma (UK) Ltd)
20434411000001107,Salamol 100micrograms/dose inhaler CFC free (Arrow Generics Ltd)
21895011000001105,Salbutamol 100micrograms/dose inhaler CFC free (Waymade Healthcare Plc)
22354211000001108,Salbutamol 100micrograms/dose inhaler CFC free (AM Distributions (Yorkshire) Ltd)
22503111000001109,AirSalb 100micrograms/dose inhaler CFC free (Sandoz Ltd)
30094711000001100,Salbutamol 100micrograms/dose inhaler CFC free (DE Pharmaceuticals)
30891711000001102,Salbutamol 100micrograms/dose inhaler CFC free (Mawdsley-Brooks & Company Ltd)
10075611000001101,Salmeterol 25micrograms/dose inhaler CFC free
10073011000001107,Serevent 25micrograms/dose Evohaler (GlaxoSmithKline UK Ltd)
10847711000001102,Serevent 25micrograms/dose Evohaler (Waymade Healthcare Plc)
13203711000001107,Serevent 25micrograms/dose Evohaler (Dowelhurst Ltd)
14706211000001101,Serevent 25micrograms/dose Evohaler (Sigma Pharmaceuticals Plc)
16241711000001109,Serevent 25micrograms/dose Evohaler (Lexon (UK) Ltd)
17441311000001105,Serevent 25micrograms/dose Evohaler (Mawdsley-Brooks & Company Ltd)
18186311000001104,Serevent 25micrograms/dose Evohaler (Necessity Supplies Ltd)
18611611000001101,Serevent 25micrograms/dose Evohaler (DE Pharmaceuticals)
19562111000001107,Neovent 25micrograms/dose inhaler CFC free (Teva UK Ltd)
19568411000001100,Neovent 25micrograms/dose inhaler CFC free (Kent Pharma (UK) Ltd)
20638911000001108,Salmeterol 25micrograms/dose inhaler CFC free (A A H Pharmaceuticals Ltd)
22650111000001100,Vertine 25micrograms/dose inhaler CFC free (Teva UK Ltd)
30095311000001100,Salmeterol 25micrograms/dose inhaler CFC free (DE Pharmaceuticals)
33561211000001109,Soltel 25micrograms/dose inhaler CFC free (Cipla EU Ltd)
39113211000001104,Salmeterol 50micrograms/dose dry powder inhaler
3380111000001107,Serevent 50micrograms/dose Accuhaler (GlaxoSmithKline UK Ltd)
5276511000001107,Serevent 50micrograms/dose Accuhaler (Waymade Healthcare Plc)
5320611000001104,Serevent 50micrograms/dose Accuhaler (Dowelhurst Ltd)
13997811000001107,Serevent 50micrograms/dose Accuhaler (DE Pharmaceuticals)
14706011000001106,Serevent 50micrograms/dose Accuhaler (Sigma Pharmaceuticals Plc)
16241911000001106,Serevent 50micrograms/dose Accuhaler (Lexon (UK) Ltd)
17441111000001108,Serevent 50micrograms/dose Accuhaler (Mawdsley-Brooks & Company Ltd)
18186011000001102,Serevent 50micrograms/dose Accuhaler (Necessity Supplies Ltd)
36895211000001101,Serevent 50micrograms/dose Accuhaler (Originalis B.V.)
37415511000001109,Serevent 50micrograms/dose Accuhaler (CST Pharma Ltd)
37702811000001107,Serevent 50micrograms/dose Accuhaler (Pilsco Ltd)
35938011000001101,Salmeterol 50microgram inhalation powder blisters
3082411000001100,Serevent 50microgram disks (GlaxoSmithKline UK Ltd)
5321611000001109,Serevent 50microgram disks (Dowelhurst Ltd)
35937811000001108,Salmeterol 50microgram inhalation powder blisters with device
3084011000001103,Serevent 50microgram disks with Diskhaler (GlaxoSmithKline UK Ltd)
5321111000001101,Serevent 50microgram disks with Diskhaler (Dowelhurst Ltd)
5323811000001107,Salmeterol 50microgram Diskhaler (Dowelhurst Ltd)
39110811000001105,Salmeterol 25micrograms/dose inhaler
408911000001105,Serevent 25micrograms/dose inhaler (GlaxoSmithKline UK Ltd)
5275011000001108,Salmeterol 25micrograms/dose inhaler (Waymade Healthcare Plc)
5275311000001106,Serevent 25micrograms/dose inhaler (Waymade Healthcare Plc)
5315611000001101,Salmeterol 25micrograms/dose inhaler (Dowelhurst Ltd)
5320411000001102,Serevent 25micrograms/dose inhaler (Dowelhurst Ltd)
3654411000001106,Terbutaline 5mg/2ml nebuliser liquid unit dose vials
3633911000001104,Bricanyl 5mg/2ml Respules (AstraZeneca UK Ltd)
9111011000001106,Terbutaline 5mg/2ml nebuliser liquid unit dose vials (Galen Ltd)
11150411000001106,Terbutaline 5mg/2ml nebuliser liquid unit dose vials (Accord Healthcare Ltd)
11256611000001108,Terbutaline 5mg/2ml nebuliser liquid unit dose vials (A A H Pharmaceuticals Ltd)
12062211000001109,Terbutaline 5mg/2ml nebuliser liquid unit dose vials (Alliance Healthcare (Distribution) Ltd)
17661711000001102,Terbutaline 5mg/2ml nebuliser liquid unit dose vials (Arrow Generics Ltd)
21787311000001103,Terbutaline 5mg/2ml nebuliser liquid unit dose vials (Waymade Healthcare Plc)
22355111000001103,Terbutaline 5mg/2ml nebuliser liquid unit dose vials (AM Distributions (Yorkshire) Ltd)
30924211000001107,Terbutaline 5mg/2ml nebuliser liquid unit dose vials (Mawdsley-Brooks & Company Ltd)
39113111000001105,Terbutaline 250micrograms/dose inhaler
3248011000001106,Bricanyl 250micrograms/dose inhaler (AstraZeneca UK Ltd)
5257611000001105,Bricanyl 250micrograms/dose inhaler (Waymade Healthcare Plc)
5277411000001105,Terbutaline 250micrograms/dose inhaler (Waymade Healthcare Plc)
5284911000001104,Bricanyl 250micrograms/dose inhaler (Dowelhurst Ltd)
5322811000001104,Terbutaline 250micrograms/dose inhaler (Dowelhurst Ltd)
35916111000001109,Terbutaline 250micrograms/dose inhaler with spacer
3248711000001108,Bricanyl 250micrograms/dose spacer inhaler (AstraZeneca UK Ltd)
35916311000001106,Terbutaline 500micrograms/dose dry powder inhaler
3218311000001103,Bricanyl 500micrograms/dose Turbohaler (AstraZeneca UK Ltd)
5257911000001104,Bricanyl 500micrograms/dose Turbohaler (Waymade Healthcare Plc)
5285911000001100,Bricanyl 500micrograms/dose Turbohaler (Dowelhurst Ltd)
5323111000001100,Terbutaline 500micrograms/dose Turbohaler (Dowelhurst Ltd)
13837711000001100,Bricanyl 500micrograms/dose Turbohaler (DE Pharmaceuticals)
13991111000001107,Terbutaline 500micrograms/dose Turbohaler (DE Pharmaceuticals)
14662411000001107,Bricanyl 500micrograms/dose Turbohaler (Sigma Pharmaceuticals Plc)
17602911000001107,Bricanyl 500micrograms/dose Turbohaler (Necessity Supplies Ltd)
29980011000001104,Bricanyl 500micrograms/dose Turbohaler (Lexon (UK) Ltd)
37350511000001103,Bricanyl 500micrograms/dose Turbohaler (Mawdsley-Brooks & Company Ltd)
37576711000001106,Bricanyl 500micrograms/dose Turbohaler (CST Pharma Ltd)
39359011000001107,Bricanyl 500micrograms/dose Turbohaler (Pilsco Ltd)
39714711000001104,Terbutaline 10mg/ml nebuliser liquid
2831711000001102,Bricanyl 10mg/ml respirator solution (AstraZeneca UK Ltd)
37692711000001105,Tiotropium bromide 2.5micrograms/dose inhalation solution cartridge CFC free
37677711000001102,Spiriva Respimat 2.5micrograms/dose inhalation solution refill cartridge (Boehringer Ingelheim Ltd)
33596311000001107,Tiotropium bromide 10microgram inhalation powder capsules with device
33594911000001100,Braltus 10microgram inhalation powder capsules with Zonda inhaler (Teva UK Ltd)
37716011000001104,Braltus 10microgram inhalation powder capsules with Zonda inhaler (Pilsco Ltd)
37743711000001101,Braltus 10microgram inhalation powder capsules with Zonda inhaler (CST Pharma Ltd)
38120811000001104,Braltus 10microgram inhalation powder capsules with Zonda inhaler (DE Pharmaceuticals)
12197411000001102,Tiotropium bromide 2.5micrograms/dose solution for inhalation cartridge with device CFC free
12146911000001103,Spiriva Respimat 2.5micrograms/dose inhalation solution cartridge with device (Boehringer Ingelheim Ltd)
17454611000001101,Spiriva Respimat 2.5micrograms/dose solution for inhalation cartridge with device (Mawdsley-Brooks & Company Ltd)
24498211000001109,Spiriva Respimat 2.5micrograms/dose solution for inhalation cartridge with device (Waymade Healthcare Plc)
28409511000001104,Tiotropium bromide 2.5micrograms/dose solution for inhalation cartridge with device CFC free (AM Distributions (Yorkshire) Ltd)
9479011000001103,Tiotropium bromide 18microgram inhalation powder capsules with device
3378211000001106,Spiriva 18microgram inhalation powder capsules with HandiHaler (Boehringer Ingelheim Ltd)
5319611000001103,Spiriva 18microgram inhalation powder capsules with HandiHaler (Dowelhurst Ltd)
10509311000001101,Spiriva 18microgram inhalation powder capsules with HandiHaler (Waymade Healthcare Plc)
13952411000001104,Spiriva 18microgram inhalation powder capsules with HandiHaler (DE Pharmaceuticals)
14384011000001101,Spiriva 18microgram inhalation powder capsules with HandiHaler (Sigma Pharmaceuticals Plc)
17454411000001104,Spiriva 18microgram inhalation powder capsules with HandiHaler (Mawdsley-Brooks & Company Ltd)
37730011000001109,Spiriva 18microgram inhalation powder capsules with HandiHaler (Pilsco Ltd)
37743311000001100,Spiriva 18microgram inhalation powder capsules with HandiHaler (CST Pharma Ltd)
39605711000001106,Tiogiva 18microgram inhalation powder capsules with device (Glenmark Pharmaceuticals Europe Ltd)
39666311000001103,Acopair 18microgram inhalation powder capsules with NeumoHaler (Viatris UK Healthcare Ltd)
9478911000001107,Tiotropium bromide 18microgram inhalation powder capsules
3380011000001106,Spiriva 18microgram inhalation powder capsules (Boehringer Ingelheim Ltd)
10469711000001108,Spiriva 18microgram inhalation powder capsules (Dowelhurst Ltd)
10785611000001108,Spiriva 18microgram inhalation powder capsules (Waymade Healthcare Plc)
13953011000001104,Spiriva 18microgram inhalation powder capsules (DE Pharmaceuticals)
14382411000001103,Spiriva 18microgram inhalation powder capsules (Sigma Pharmaceuticals Plc)
18155011000001100,Spiriva 18microgram inhalation powder capsules (Mawdsley-Brooks & Company Ltd)
37394911000001105,Spiriva 18microgram inhalation powder capsules (CST Pharma Ltd)
39408811000001105,Spiriva 18microgram inhalation powder capsules (Pilsco Ltd)
39606211000001105,Tiogiva 18microgram inhalation powder capsules (Glenmark Pharmaceuticals Europe Ltd)
134498003,VMP previous to 38896811000001103
134499006,VMP previous to 35912011000001109
320132006,VMP previous to 35936711000001103
320133001,VMP previous to 35936911000001101
320134007,VMP previous to 35936611000001107
320135008,VMP previous to 35936811000001106
320136009,VMP previous to 35936411000001109
320139002,VMP previous to 39113611000001102
320141001,VMP previous to 39113311000001107
320148007,VMP previous to 35937211000001107
320151000,VMP previous to 39112711000001103
320171009,VMP previous to 39710011000001108
320176004,VMP previous to 35936511000001108
320177008,VMP previous to 39709611000001109
320178003,VMP previous to 39709711000001100
320179006,VMP previous to 39709811000001108
320180009,VMP previous to 39709511000001105
320200002,VMP previous to 39714711000001104
320201003,VMP previous to 35916311000001106
320206008,VMP previous to 39113111000001105
320208009,VMP previous to 35916111000001109
320244004,VMP previous to 39110811000001105
320248001,VMP previous to 35937811000001108
320249009,VMP previous to 35938011000001101
320250009,VMP previous to 39113211000001104
320261001,VMP previous to 12626211000001108
320263003,VMP previous to 39112911000001101
320264009,VMP previous to 39113011000001109
320274007,VMP previous to 39111011000001108
320275008,VMP previous to 39111111000001109
320276009,VMP previous to 39111311000001106
320277000,VMP previous to 38897611000001100
320279002,VMP previous to 38897511000001104
320280004,VMP previous to 38897411000001103
320339009,VMP previous to 39717411000001100
320340006,VMP previous to 39717311000001107
320345001,VMP previous to 36049211000001106
320346000,VMP previous to 39717211000001104
320347009,VMP previous to 39717511000001101
320348004,VMP previous to 36049311000001103
320350007,VMP previous to 36049411000001105
320355002,VMP previous to 36022811000001100
320440005,VMP previous to 36066611000001106
320441009,VMP previous to 36066711000001102
320442002,VMP previous to 35936311000001102
320445000,VMP previous to 39710511000001100
320487003,VMP previous to 35909011000001104
320488008,VMP previous to 35908911000001108
320490009,VMP previous to 35909211000001109
320491008,VMP previous to 35908611000001102
320492001,VMP previous to 35907811000001102
320520000,VMP previous to 39695711000001109
320527002,VMP previous to 35907711000001105
320528007,VMP previous to 35908311000001107
320529004,VMP previous to 35907611000001101
320530009,VMP previous to 35908211000001104
320531008,VMP previous to 35908811000001103
320532001,VMP previous to 35908511000001101
320533006,VMP previous to 35909511000001107
320534000,VMP previous to 39695511000001104
320535004,VMP previous to 39695611000001100
320543009,VMP previous to 39696311000001100
320544003,VMP previous to 35369511000001103
320545002,VMP previous to 35936211000001105
320565009,VMP previous to 35912111000001105
320567001,VMP previous to 35912411000001100
320568006,VMP previous to 35912711000001106
320571003,VMP previous to 35912511000001101
320574006,VMP previous to 35912811000001103
320580003,VMP previous to 36059911000001104
320581004,VMP previous to 36059311000001100
320582006,VMP previous to 36059411000001107
320586009,VMP previous to 36059811000001109
320587000,VMP previous to 36059211000001108
320588005,VMP previous to 36059511000001106
320592003,VMP previous to 36059111000001102
320599007,VMP previous to 36059711000001101
320600005,VMP previous to 36059611000001105
320602002,VMP previous to 38897911000001106
320603007,VMP previous to 38897811000001101
320604001,VMP previous to 36565411000001101
320605000,VMP previous to 38897711000001109
320610001,VMP previous to 39712311000001105
320611002,VMP previous to 39712511000001104
320614005,VMP previous to 39111211000001103
320615006,VMP previous to 39111411000001104
320618008,VMP previous to 39110911000001100
320630002,VMP previous to 35909411000001108
320631003,VMP previous to 35908011000001109
320632005,VMP previous to 35908711000001106
320644008,VMP previous to 39712711000001109
320646005,VMP previous to 35926711000001101
320654007,VMP previous to 35926611000001105
320660007,VMP previous to 35926411000001107
320661006,VMP previous to 35926311000001100
347557000,VMP previous to 36022911000001105
349394001,VMP previous to 39711511000001107
3497211000001109,VMP previous to 9478911000001107
3497311000001101,VMP previous to 9479011000001103
35894111000001105,VMP previous to 38893611000001108
35912311000001107,VMP previous to 38896811000001103
4053811000001101,VMP previous to 38895411000001109
4053911000001106,VMP previous to 38895611000001107
407769008,VMP previous to 35909111000001103
407770009,VMP previous to 35908411000001100
408013007,VMP previous to 38895611000001107
408026006,VMP previous to 38895411000001109
408061000,VMP previous to 35909611000001106
408062007,VMP previous to 35909311000001101
408063002,VMP previous to 35908111000001105
408064008,VMP previous to 35907911000001107
414538008,VMP previous to 38894511000001107
703924000,VMP previous to 38893611000001108
7393811000001101,VMP previous to 38894511000001107
42292311000001106,VMP subsequent to 320537007
